"id","municipio","codigo_inep","escola","categoria","endereco","telefone","ativo","timestamp"
"452","Ribeirão Preto","35314559","ACALENTO ESCOLA E BERCARIO","Privada","PORTO ALEGRE, 146 RUA. SUMAREZINHO. 14051-310 Ribeirão Preto - SP.","(16) 30217051","1","2025-05-19 21:11:52"
"453","Ribeirão Preto","35101655","ADRIANA COUTINHO BRANDANI CAMILO DRA EMEI","Pública","RUA PROFESSOR ANTONIO PALOCCI, 1051 RUA. JARDIM OURO BRANCO. 14079-787 Ribeirão Preto - SP.","(16) 39696881","1","2025-05-19 21:11:52"
"454","Ribeirão Preto","35257059","ADRIANA PAULA BALE","Privada","RUA PASCHOAL BARDARO, 1206 JARDIM BOTANICO. 14021-655 Ribeirão Preto - SP.","(16) 36250838","1","2025-05-19 21:11:52"
"455","Ribeirão Preto","35167997","ADVANCE PLUS ESCOLA TECNICA","Privada","RUA CERQUEIRA CESAR, 747 RUA. CENTRO. 14010-130 Ribeirão Preto - SP.","(16) 36320202","1","2025-05-19 21:11:52"
"456","Ribeirão Preto","35115022","ADVENTISTA DE RIBEIRO PRETO COLEGIO","Privada","RUA ROMEU CEOLOTO, 300 RUA. CAMPOS ELISEOS. 14085-010 Ribeirão Preto - SP.","(16) 30243800","1","2025-05-19 21:11:52"
"457","Ribeirão Preto","35114844","AERP COLEGIO TECNOLOGICO ESCOLA DE EM","Privada","AVENIDA COSTABILE ROMANO, 2201 RIBEIRANIA. 14096-900 Ribeirão Preto - SP.","(16) 36036865","1","2025-05-19 21:11:52"
"458","Ribeirão Preto","35814416","AGNUS DEI ESCOLA DE EDUCACAO INFANTIL","Privada","AVENIDA MEIRA JUNIOR, 1377 AVENIDA. JARDIM MOSTEIRO. 14085-230 Ribeirão Preto - SP.","(16) 36245200","1","2025-05-19 21:11:52"
"459","Ribeirão Preto","35233365","ALAOR GALVAO CESAR CRECHE MUNICIPAL","Pública","PIO XII, 280 AVENIDA. VILA VIRGINIA. 14030-240 Ribeirão Preto - SP.","(16) 39141111","1","2025-05-19 21:11:52"
"460","Ribeirão Preto","35093385","ALBERT EINSTEIN EMEI","Pública","RUA FRANCISCO ALVES, 760 RUA. JARDIM INTERLAGOS. 14095-540 Ribeirão Preto - SP.","(16) 36292032","1","2025-05-19 21:11:52"
"461","Ribeirão Preto","35126354","ALBERT SABIN ESCOLA DE EDUCACAO INFANTIL E PG","Privada","AVENIDA LUIS EDUARDO DE TOLEDO PRADO, 2170 AVENIDA. VILA DO GOLF. 14027-250 Ribeirão Preto - SP.","(16) 36025250","1","2025-05-19 21:11:53"
"462","Ribeirão Preto","35118503","ALBERT SABIN ESCOLA DE ENSINO MEDIO","Privada","RUA JOSE CURVELO DA SILVEIRA JUNIOR, 110 RUA. JARDIM CALIFORNIA. 14026-240 Ribeirão Preto - SP.","(16) 36028200","1","2025-05-19 21:11:53"
"463","Ribeirão Preto","35048446","ALBERTO FERRIANI PROFESSOR","Pública","RUA FREDERICO GALLACHO, 100 RUA. ANTONIO MARINCEK. 14061-089 Ribeirão Preto - SP.","(16) 38781860","1","2025-05-19 21:11:53"
"464","Ribeirão Preto","35023978","ALBERTO JOSE GONCALVES DOM","Pública","RUA FLAVIO UCHOA, 916 RUA. CAMPOS ELISEOS. 14080-430 Ribeirão Preto - SP.","(16) 39612440","1","2025-05-19 21:11:53"
"465","Ribeirão Preto","35023851","ALBERTO SANTOS DUMONT","Pública","RUA SAO SALVADOR, 176 RUA. SUMAREZINHO. 14055-260 Ribeirão Preto - SP.","(16) 36303424","1","2025-05-19 21:11:53"
"466","Ribeirão Preto","35023930","ALCIDES CORREA PROFESSOR","Pública","RUA MOREIRA DE OLIVEIRA, 242 RUA. ALTO BOA VISTA. 14025-300 Ribeirão Preto - SP.","(16) 36231736","1","2025-05-19 21:11:53"
"467","Ribeirão Preto","35205539","ALCINA DOS SANTOS HECK EMEF","Pública","NUPORANGA, 717 RUA. JARDIM SALGADO FILHO. 14079-015 Ribeirão Preto - SP.","(16) 36261805","1","2025-05-19 21:11:53"
"468","Ribeirão Preto","35062893","ALFEU LUIZ GASPARINI PROFESSOR EMEF","Pública","AVENIDA DOM PEDRO I, 196 AVENIDA. IPIRANGA. 14055-630 Ribeirão Preto - SP.","(16) 36304187","1","2025-05-19 21:11:53"
"469","Ribeirão Preto","35454448","ALOIZIO OLAIA PASCHOAL EMEI","Pública","JOSE MARGATHO, 320 RUA. PARQUE DOS FLAMBOYANS. 14093-637 Ribeirão Preto - SP.","(16) 36183778","1","2025-05-19 21:11:53"
"470","Ribeirão Preto","35024089","ALPHEU DOMINIGUETTI PROFESSOR","Pública","RUA FELICIANO ALVES FARIA, 273 RUA. VILA ABRANCHES. 14093-160 Ribeirão Preto - SP.","(16) 36293209","1","2025-05-19 21:11:53"
"471","Ribeirão Preto","35184846","ALVORADA COLEGIO","Privada","RUA SALVADOR NEVES, 127 RUA. VILA MARIA LUIZA. 14055-340 Ribeirão Preto - SP.","(16) 36303085","1","2025-05-19 21:11:53"
"472","Ribeirão Preto","35023917","AMELIA DOS SANTOS MUSA PROFESSORA","Pública","RUA ESPIRITO SANTO, 887 RUA. IPIRANGA. 14055-030 Ribeirão Preto - SP.",,"1","2025-05-19 21:11:53"
"473","Ribeirão Preto","35063022","AMELIA JUNQUEIRA EMEI","Pública","AVENIDA TREZE DE MAIO, 65 AVENIDA. JARDIM PAULISTANO. 14090-270 Ribeirão Preto - SP.","(16) 36242875","1","2025-05-19 21:11:53"
"474","Ribeirão Preto","35074032","AMELIA SOFIA RODRIGUES DA COSTA EMEI","Pública","AVENIDA ERMELINDA CORRADO, 35 AVENIDA. JARDIM CASTELO BRANCO NOVO. 14090-480 Ribeirão Preto - SP.","(16) 36272776","1","2025-05-19 21:11:53"
"475","Ribeirão Preto","35063010","ANA DOS SANTOS GABARRA EMEI","Pública","RUA CORONEL LUIZ DA SILVA BATISTA, 61 RUA. JARDIM IRAJA. 14020-570 Ribeirão Preto - SP.","(16) 39161191","1","2025-05-19 21:11:53"
"476","Ribeirão Preto","35435934","ANA FRANCO DO AMARAL PROFESSORA CEI","Pública","PEDRO FORTUNATO BARBIERI, 509 RUA. JARDIM HELENA. 14094-105 Ribeirão Preto - SP.","(16) 36294865","1","2025-05-19 21:11:53"
"477","Ribeirão Preto","35232579","ANA MARIA CHUFALO CRECHE","Pública","RUA BENEDITO TORTORO, 105 RUA. JARDIM ROBERTO BENEDETTI. 14098-220 Ribeirão Preto - SP.","(16) 36296601","1","2025-05-19 21:11:53"
"478","Ribeirão Preto","35256341","ANA NERI ESCOLA DE ACUPUNTURA E MASSOTERAPIA","Privada","R MANTIQUEIRA, 475 ALTO DA BOA VISTA. 14025-600 Ribeirão Preto - SP.","(16) 34464345","1","2025-05-19 21:11:53"
"479","Ribeirão Preto","35130898","ANCHIETA COLEGIO","Privada","CAMILO DE MATTOS, 2211 RUA. JARDIM PAULISTA. 14090-210 Ribeirão Preto - SP.","(16) 36233301","1","2025-05-19 21:11:53"
"480","Ribeirão Preto","35063061","ANISIO TEIXEIRA PROF EMEF","Pública","RUA ALBINO GONCALVES, 43 RUA. IGUATEMI. 14091-440 Ribeirão Preto - SP.","(16) 36276760","1","2025-05-19 21:11:53"
"481","Ribeirão Preto","35062972","ANITA PROCOPIO JUNQUEIRA EMEI","Pública","RUA PIRATININGA, 700 RUA. VILA TIBERIO. 14050-150 Ribeirão Preto - SP.","(16) 36303444","1","2025-05-19 21:11:53"
"482","Ribeirão Preto","35195492","ANJOS BABY ESCOLA DE EDUCACAO INFANTIL","Privada","JOSE VERISSIMO, 1371 RUA. JARDIM MARIA GORETTI. 14030-350 Ribeirão Preto - SP.","(16) 36215031","1","2025-05-19 21:11:53"
"483","Ribeirão Preto","35233353","ANNA AUGUSTA FRANCA CRECHE MUNICIPAL","Pública","RUA JULIO RIBEIRO, 2851 RUA. PARQUE RIBEIRAO PRETO. 14031-550 Ribeirão Preto - SP.","(16) 39190707","1","2025-05-19 21:11:53"
"484","Ribeirão Preto","35233341","ANNA IGNES CARVALHO GOUVEA CRECHE MUNICIPAL","Pública","RUA GUAPORE, 1449 RUA. IPIRANGA. 14060-050 Ribeirão Preto - SP.","(16) 36226648","1","2025-05-19 21:11:54"
"485","Ribeirão Preto","35023848","ANTONIO DIEDERICHSEN","Pública","RUA GOIAS, 610 RUA. CAMPOS ELISEOS. 14080-260 Ribeirão Preto - SP.","(16) 36355036","1","2025-05-19 21:11:54"
"486","Ribeirão Preto","35205597","ANTONIO PALOCCI EMEF","Pública","RUA ANTONIO FORNIELLES, 248 RUA. JARDIM JOSE SAMPAIO JUNIOR. 14065-290 Ribeirão Preto - SP.","(16) 36390555","1","2025-05-19 21:11:54"
"487","Ribeirão Preto","35186028","APRENDIZES DO EVANGELHO CRECHE LAR ESCOLA","Privada","RUA MACHADO DE ASSIS, 691 RUA. VILA TIBERIO. 14050-490 Ribeirão Preto - SP.","(16) 32894080","1","2025-05-19 21:11:54"
"488","Ribeirão Preto","35123250","ARTE DO MUSEU ESCOLA DE EDUCACO INFANTIL E FUNDAMENTAL","Privada","PEDRO BARTOLOMEU, 290 RUA. SANTA CRUZ DO JOSE JACQUES. 14020-690 Ribeirão Preto - SP.","(16) 36238118","1","2025-05-19 21:11:54"
"489","Ribeirão Preto","35802372","ARTSABER EDUCACAO PRE ESCOLAR","Privada","RUA BARAO DE MAUA, 824 RUA. VILA VIRGINIA. 14030-190 Ribeirão Preto - SP.","(16) 36326422","1","2025-05-19 21:11:54"
"490","Ribeirão Preto","35802025","ASSOCIACAO BENEFICENTE ESPIRITA NAVE DA SAUDADE","Privada","RUA MARIA CANDIDA, 762 JARDIM ZARA. 14092-100 Ribeirão Preto - SP.","(16) 36271325","1","2025-05-19 21:11:54"
"491","Ribeirão Preto","35190731","ASSOCIACAO DE AMIGOS DO AUTISTA","Privada","RUA CERQUEIRA CESAR, 1730 JARDIM SUMARE. 14025-120 Ribeirão Preto - SP.","(16) 981476593","1","2025-05-19 21:11:54"
"492","Ribeirão Preto","35116981","ATOS COLEGIO DE EDUCACAO INFANTIL E ENSINO FUNDAMENTAL","Privada","AVENIDA ANTONIO GOMES DA SILVA JUNIOR, 625 PARQUE RESIDENCIAL LAGOINHA. 14095-440 Ribeirão Preto - SP.","(16) 30132277","1","2025-05-19 21:11:54"
"493","Ribeirão Preto","35063034","AUREA APPARECIDA BRAGHETTO MACHADO PROFA EMEI","Pública","RUA SEVERIANO JOAQUIM BRUNO, 230 RUA. VILA LOBATO. 14051-190 Ribeirão Preto - SP.","(16) 36270201","1","2025-05-19 21:11:54"
"494","Ribeirão Preto","35233390","AURELIO PACAGNELLA CRECHE MUNICIPAL","Pública","RUA ANTONIO FORNIELLES, 196 RUA. JARDIM JOSE SAMPAIO JUNIOR. 14065-290 Ribeirão Preto - SP.","(16) 36394929","1","2025-05-19 21:11:54"
"495","Ribeirão Preto","35905800","AYMAR BAPTISTA PRADO PROFESSOR DOUTOR","Pública","RUA MINISTRO VICTOR NUNES LEAL, 200 RUA. PARQUE RESIDENCIAL CIDADE UNIVERSITARIA. 14051-370 Ribeirão Preto - SP.","(16) 36334911","1","2025-05-19 21:11:54"
"496","Ribeirão Preto","35801975","BABY E KIDS ESCOLA DE EDUCACAO INFANTIL","Privada","RUA AMAPA, 449 RUA. SUMAREZINHO. 14055-240 Ribeirão Preto - SP.","(16) 39000796","1","2025-05-19 21:11:54"
"497","Ribeirão Preto","35007209","BAMBINI BERCARIO E INFANTIL","Privada","GUARUJA, 235 JARDIM PAULISTA. 14090-102 Ribeirão Preto - SP.","(16) 36240334","1","2025-05-19 21:11:54"
"498","Ribeirão Preto","35114911","BARAO DE MAUA ESCOLA DE ED INFANTIL FUNDAMENTAL E MEDIO","Privada","RUA RAMOS DE AZEVEDO, 423 RUA. JARDIM PAULISTA. 14090-180 Ribeirão Preto - SP.","(16) 36036644","1","2025-05-19 21:11:54"
"499","Ribeirão Preto","35023826","BARROS CONEGO","Pública","AVENIDA DOUTOR FRANCISCO JUNQUEIRA, 726 AVENIDA. CENTRO. 14010-030 Ribeirão Preto - SP.","(16) 36256736","1","2025-05-19 21:11:54"
"500","Ribeirão Preto","35905811","BAUDILIO BIAGI","Pública","RUA STELLA VERGINIO DOS SANTOS SIMIONATO, 190 RUA. ADELINO SIMIONI. 14071-230 Ribeirão Preto - SP.","(16) 36380177","1","2025-05-19 21:11:54"
"501","Ribeirão Preto","35006959","BAUHAUS CENTRO DE FORMACAO PROFISSIONAL","Privada","MARIANA JUNQUEIRA, 623 CENTRO. 14015-010 Ribeirão Preto - SP.","(16) 91534203","1","2025-05-19 21:11:54"
"502","Ribeirão Preto","35007629","BEE HOUSE ESCOLA DE EDUCACAO INFANTIL","Privada","RUA PROFESSORA EDINA ROCHA DE FREITAS, 643 JARDIM MACEDO. 14091-020 Ribeirão Preto - SP.","(16) 38772810","1","2025-05-19 21:11:54"
"503","Ribeirão Preto","35900734","BENEDITO MACIEL ARANTES PROFESSOR","Pública","RUA ANTONIO PACCAGNELLA, 205 RUA. ADELINO SIMIONI. 14071-590 Ribeirão Preto - SP.","(16) 39741112","1","2025-05-19 21:11:54"
"504","Ribeirão Preto","35268513","BENEDITO ROSA DE JESUS CRECHE","Privada","RUA URUGUAI, 255 VILA MARIANA. 14075-330 Ribeirão Preto - SP.","(16) 36269545","1","2025-05-19 21:11:54"
"505","Ribeirão Preto","35142955","BENTO BENEDINI COLEGIO","Privada","AVENIDA ITATIAIA, 1551 AVENIDA. JARDIM SUMARE. 14025-070 Ribeirão Preto - SP.","(16) 36234185","1","2025-05-19 21:11:54"
"506","Ribeirão Preto","35009747","BERCARIO E ESCOLA INFANTIL CENTOPEIA","Privada","RUA CRAVINHOS, 226 JARDIM PAULISTA. 14090-112 Ribeirão Preto - SP.","(16) 991769892","1","2025-05-19 21:11:54"
"507","Ribeirão Preto","35007593","BERCARIO E ESCOLA INFANTIL MAMAE CORUJA","Privada","RUA JOSE DE PAIVA ROXO, 471 PARQUE INDUSTRIAL LAGOINHA. 14095-040 Ribeirão Preto - SP.",,"1","2025-05-19 21:11:55"
"508","Ribeirão Preto","35004095","BERCARIO ESPACO CRESCER","Privada","THOMAZ NOGUEIRA GAIA, 254 JARDIM SAO LUIZ. 14020-290 Ribeirão Preto - SP.","(16) 36230123","1","2025-05-19 21:11:55"
"509","Ribeirão Preto","35446919","BOM JESUS DA ESPERANCA CRECHE","Privada","ROQUE PIPPA, 325 RUA. SAN LEANDRO. 14110-000 Ribeirão Preto - SP.","(16) 39722472","1","2025-05-19 21:11:55"
"510","Ribeirão Preto","35496510","BOSQUE ZOO MUN FABIO SA BARRETO CENTRO JOR AMPLIADA","Pública","LIBERDADE, SN RUA. CAMPOS ELISEOS. 14085-250 Ribeirão Preto - SP.","(16) 36362545","1","2025-05-19 21:11:55"
"511","Ribeirão Preto","35454898","BOTAFOGO EDUCACIONAL","Privada","FRANCISCO ORANGES, 100 PRACA. RIBEIRANIA. 14096-079 Ribeirão Preto - SP.","(16) 37976006","1","2025-05-19 21:11:55"
"512","Ribeirão Preto","35233389","BRANCA SERRA CRECHE MUNCIPAL","Pública","RUA THEODORA FERNANDES GRIFFO, 350 RUA. JARDIM ALEXANDRE BALBO. 14066-030 Ribeirão Preto - SP.","(16) 36394644","1","2025-05-19 21:11:55"
"513","Ribeirão Preto","35114923","BRASIL COLEGIO","Privada","RUA AMERICO BRASILIENSE, 925 RUA. CENTRO. 14015-050 Ribeirão Preto - SP.","(16) 36253542","1","2025-05-19 21:11:55"
"514","Ribeirão Preto","35288391","CAETANA SPINELLI MARTINS EMEI","Pública","GUILHERME BERTOLUCCI, 255 RUA. SOLAR BOA VISTA. 14030-630 Ribeirão Preto - SP.","(16) 39190124","1","2025-05-19 21:11:55"
"515","Ribeirão Preto","35160921","CAMILLO DE MATTOS COLEGIO","Privada","AVENIDA CAVALHEIRO PASCHOAL INNECHI, 500 AVENIDA. JARDIM INDEPENDENCIA. 14076-010 Ribeirão Preto - SP.","(16) 36271800","1","2025-05-19 21:11:55"
"516","Ribeirão Preto","35807655","CAMPOS ELISEOS CENTRO EDUCACIONAL","Privada","RUA CONDE FRANCISCO MATARAZZO, 20 RUA. CAMPOS ELISEOS. 14080-330 Ribeirão Preto - SP.","(16) 39613150","1","2025-05-19 21:11:55"
"517","Ribeirão Preto","35573966","CANDIDO PORTINARI ESCOLA DE ARTES","Pública","PRACA ALTO DO SAO BENTO, SN JARDIM MOSTEIRO. 14085-459 Ribeirão Preto - SP.","(16) 36361206","1","2025-05-19 21:11:55"
"518","Ribeirão Preto","35195716","CANTABILE CONSERVATORIO DE ARTE MUSICAL","Privada","MEIRA JUNIOR, 1240 AVENIDA. JARDIM PAULISTANO. 14090-341 Ribeirão Preto - SP.","(16) 39671607","1","2025-05-19 21:11:55"
"519","Ribeirão Preto","35431138","CAPELLA KIDS SISTEMA DE ENSINO EIRELI ME","Privada","HENRIQUE FRANCO, 145 ALTO DA BOA VISTA. 14025-280 Ribeirão Preto - SP.","(16) 39113735","1","2025-05-19 21:11:55"
"520","Ribeirão Preto","35185164","CARACOL BABY ESCOLINHA INFANTIL","Privada","RUA CESARIO MOTTA, 145 RUA. JARDIM PAULISTA. 14090-052 Ribeirão Preto - SP.","(16) 36356935","1","2025-05-19 21:11:55"
"521","Ribeirão Preto","35262985","CARLA PETRONI STUDIUM ESCOLA TECNICA DE DANCA","Privada","RUA LUCIANA MARA IGNACIO, 400 JARDIM BOTANICO. 14021-635 Ribeirão Preto - SP.","(16) 63108814","1","2025-05-19 21:11:55"
"522","Ribeirão Preto","35806407","CARLOS MAGNO COLEGIO","Privada","RUA MARECHAL DEODORO, 190 RUA. CENTRO. 14010-190 Ribeirão Preto - SP.","(16) 981240517","1","2025-05-19 21:11:55"
"523","Ribeirão Preto","35194542","CARMEN APARECIDA DE CARVALHO RAMOS PROFA EMEI","Pública","VICTOR JOAO CASTANIA, 2085 RUA. JARDIM PAIVA. 14056-768 Ribeirão Preto - SP.","(16) 39633347","1","2025-05-19 21:11:55"
"524","Ribeirão Preto","35084426","CARMEN MASSAROTO EMEI","Pública","RUA DOM LUIZ DO AMARAL MOUSINHO, 121 RUA. VILA KENNEDY. 14085-500 Ribeirão Preto - SP.","(16) 36128828","1","2025-05-19 21:11:55"
"525","Ribeirão Preto","35196061","CAROCHINHA CRECHE COSEAS USP","Pública","BANDEIRANTES, 3900 AVENIDA. VILA MONTE ALEGRE. 14040-030 Ribeirão Preto - SP.","(16) 33153581","1","2025-05-19 21:11:56"
"526","Ribeirão Preto","35034101","CARROSSEL ESCOLA DE EDUCACAO INFANTIL","Privada","RUA SILVIO ALVES DE AGUIAR, 50 RUA. ADELINO SIMIONI. 14071-170 Ribeirão Preto - SP.","(16) 30191029","1","2025-05-19 21:11:56"
"527","Ribeirão Preto","35065161","CASA DE EMMANUEL BENCAO DE PAZ CRECHE","Privada","CLEMENTE SANTILI, 356 RUA. JARDIM MARCHESI. 14031-270 Ribeirão Preto - SP.","(16) 36370393","1","2025-05-19 21:11:56"
"528","Ribeirão Preto","35115046","CASTELO ESCOLA EDUCACAO INFANTIL E ENSINO FUNDAMENTAL","Privada","PRACA SAN LEANDRO, 56 PRACA. JARDIM PAULISTA. 14090-079 Ribeirão Preto - SP.","(16) 36241827","1","2025-05-19 21:11:56"
"529","Ribeirão Preto","35009795","CASTLE CENTRO EDUCACIONAL LTDA","Privada","AVENIDA VEREADOR MANIR CALIL, 1143 ALTO DA BOA VISTA. 14025-170 Ribeirão Preto - SP.","(16) 34218359","1","2025-05-19 21:11:56"
"530","Ribeirão Preto","35174488","CECILIA MEIRELES COLEGIO","Privada","RUA ORLANDIA, 975 RUA. JARDIM PAULISTA. 14090-240 Ribeirão Preto - SP.","(16) 39671537","1","2025-05-19 21:11:56"
"531","Ribeirão Preto","35232580","CECILIO FRAGUAS CRECHE MUNICIPAL","Pública","RUA MARIA AUXILIADORA ABRANCHES DE FARIA, 580 RUA. VILA ABRANCHES. 14093-150 Ribeirão Preto - SP.","(16) 36292173","1","2025-05-19 21:11:56"
"532","Ribeirão Preto","35980024","CEEJA CECILIA DULTRA CARAM PROFESSORA","Pública","GUARUJA, 1159 RUA. JARDIM PAULISTANO. 14090-283 Ribeirão Preto - SP.","(16) 36270602","1","2025-05-19 21:11:56"
"533","Ribeirão Preto","35007866","CEI ROSA MARIA DE BRITTO COSENZA","Pública","RUA JOSE ANTONIO BERNARDES, 780 JARDIM DOUTOR PAULO GOMES ROMEO. 14056-746 Ribeirão Preto - SP.","(16) 36300015","1","2025-05-19 21:11:56"
"534","Ribeirão Preto","35460461","CEL JTO A EE WALTER FERREIRA PROF","Pública","MACHADO DE ASSIS, 761 RUA. VILA TIBERIO. 14050-490 Ribeirão Preto - SP.","(16) 36333024","1","2025-05-19 21:11:56"
"535","Ribeirão Preto","35263000","CELSO CHARURI DR EMEPB","Pública","VIA LUIZ GALVAO CEZAR, 273 PLANALTO VERDE. 14056-000 Ribeirão Preto - SP.",,"1","2025-05-19 21:11:56"
"536","Ribeirão Preto","35802153","CENTOPEIA BERCARIO E ESCOLA INFANTIL","Privada","RUA HENRIQUE DUMONT, 1058 RUA. JARDIM PAULISTA. 14090-200 Ribeirão Preto - SP.","(16) 36249941","1","2025-05-19 21:11:56"
"537","Ribeirão Preto","35193112","CENTRO ATEND SOCIO-ED ADOLESCENTE RIBEIRAO PRETO-UIP-3","Pública","RODOVIA MARIO DONEGA, S/N - KM 2, CENTRO. 14001-970 Ribeirão Preto - SP.",,"1","2025-05-19 21:11:56"
"538","Ribeirão Preto","35193100","CENTRO ATEND SOCIO-ED ADOLESCENTE-RIBEIRAO PRETO-UIP-3","Pública","RODOVIA MARIO DONEGA, CENTRO. 14001-970 Ribeirão Preto - SP.",,"1","2025-05-19 21:11:56"
"539","Ribeirão Preto","35563900","CENTRO ATEND SOCIOEDUC ADOLESCENTE CANDIO PORTINARI CI","Pública","RODOVIA GEOVANA APARECIDA DELIBERTO, SN KM 2. JARDIM ITAU. 14034-000 Ribeirão Preto - SP.","(16) 32385801","1","2025-05-19 21:11:56"
"540","Ribeirão Preto","35559982","CENTRO ATEND SOCIOEDUC ADOLESCENTE CI RIO PARDO","Pública","GEOVANA APARECIDA DELIBERTO, KM 2 ZONA RURAL. 14001-970 Ribeirão Preto - SP.","(16) 36027630","1","2025-05-19 21:11:56"
"541","Ribeirão Preto","35193094","CENTRO ATEND SOCIO-EDUC ADOLESCENTE RIBEIRAO PRETO - UIP","Pública","RODOVIA AMARIO DONEGA, SN - KM 2, CENTRO. 14001-970 Ribeirão Preto - SP.",,"1","2025-05-19 21:11:56"
"542","Ribeirão Preto","35559970","CENTRO ATEND SOCIOEDUC ADOLESCENTE RIBEIRAO PRETO CI","Pública","GEOVANA APARECIDA DELIBERTO, KM 2 RODOVIA. JARDIM ITAU. 14034-000 Ribeirão Preto - SP.","(16) 32385151","1","2025-05-19 21:11:56"
"543","Ribeirão Preto","35559969","CENTRO ATEND SOCIOEDUC ADOLESCENTE RIBEIRAO PRETO UI 3","Pública","RODOVIA MARIO DONEGA, KM 2 14001-970 Ribeirão Preto - SP.","(16) 39191010","1","2025-05-19 21:11:56"
"544","Ribeirão Preto","35573978","CENTRO CULTURAL DA VILA TECNOLOGICA","Pública","R DAS TECNOLOGIAS, SN JARDIM ALEXANDRE BALBO. 14066-207 Ribeirão Preto - SP.",,"1","2025-05-19 21:11:56"
"545","Ribeirão Preto","35587515","CENTRO DE EDUCACAO INFANTIL PROFESSOR LAURIVALDO FIDELIS","Pública","JOAQUIM MENDES, 25 RUA. JARDIM HEITOR RIGON. 14062-030 Ribeirão Preto - SP.","(16) 39761528","1","2025-05-19 21:11:56"
"546","Ribeirão Preto","35009085","CENTRO DE ENSINO GRAU TECNICO UNIDADE RIBEIRAO PRETO","Privada","RUA SALDANHA MARINHO, 613 CENTRO. 14010-060 Ribeirão Preto - SP.","(16) 39775800","1","2025-05-19 21:11:56"
"547","Ribeirão Preto","35265913","CENTRO DE ENSINO TECNICO DE RIBEIRAO PRETO CETRO","Privada","WLADEMIR PINTO FERRAZ PROFESSOR, 250 RUA. PARQUE RIBEIRAO PRETO. 14031-440 Ribeirão Preto - SP.","(16) 40421550","1","2025-05-19 21:11:57"
"548","Ribeirão Preto","35385840","CENTRO EDUCACIONAL DE JORNADA AMPLIADA CEJA","Pública","RUA SABINO BRICHI, 115 JARDIM ORESTES LOPES DE CAMARGO. 14066-420 Ribeirão Preto - SP.","(16) 36152425","1","2025-05-19 21:11:57"
"549","Ribeirão Preto","35564000","CENTRO UNIVERSITARIO UNISEB","Privada","RUA ABRAHAO ISSA HALACK, 980 RIBEIRANIA. 14096-160 Ribeirão Preto - SP.","(16) 39687264","1","2025-05-19 21:11:57"
"550","Ribeirão Preto","35802220","CERVANTES COLEGIO","Privada","AMAPA, 332 SUMAREZINHO. 14055-240 Ribeirão Preto - SP.","(16) 36309494","1","2025-05-19 21:11:57"
"551","Ribeirão Preto","35504622","CERVANTES COLEGIO UNIDADE II","Privada","ANGELO ANTONIO COLAFEMINA, 950 RUA. JARDIM SAN MARCO. 14110-000 Ribeirão Preto - SP.","(16) 39723375","1","2025-05-19 21:11:57"
"552","Ribeirão Preto","35024090","CID DE OLIVEIRA LEITE PROFESSOR","Pública","RUA ITARARE, 608 RUA. JARDIM PAULISTA. 14090-070 Ribeirão Preto - SP.","(16) 39672497","1","2025-05-19 21:11:57"
"553","Ribeirão Preto","35232592","CLORESDITH FERLIN FERREIRA CENTRO DE EDUCACAO INFANTIL","Pública","RUA IZIDORO FACCIO, 361 RUA. ADELINO SIMIONI. 14071-360 Ribeirão Preto - SP.","(16) 36381097","1","2025-05-19 21:11:57"
"554","Ribeirão Preto","35289115","CLUBE DO MICKEY RECREACAO INFANTIL","Privada","EDITH NOGUEIRA SANTIAGO, 346 RUA. DOM BERNARDO JOSE MIELLE. 14057-260 Ribeirão Preto - SP.","(16) 31036301","1","2025-05-19 21:11:57"
"555","Ribeirão Preto","35007840","COC RIBEIRAO PRETO REDE UNICA EDUCACAO","Privada","GARIBALDI, 1579 JARDIM SUMARE. 14025-190 Ribeirão Preto - SP.","(16) 36323239","1","2025-05-19 21:11:57"
"556","Ribeirão Preto","35084219","COGUMELO COLEGIO","Privada","RUA PALMIRO TAVARES DE SOUZA, 125 RUA. ADELINO SIMIONI. 14071-520 Ribeirão Preto - SP.","(16) 36383866","1","2025-05-19 21:11:57"
"557","Ribeirão Preto","35338345","COLEGIO ALMEIDA GARRETT","Privada","MARQUES DE POMBAL, 415 CAMPOS ELISIOS. 14080-100 Ribeirão Preto - SP.","(16) 39415257","1","2025-05-19 21:11:57"
"558","Ribeirão Preto","35295103","COLEGIO APOTEOSE","Privada","DOMINGOS F VILLAS BOAS, 126 56. PARQUE DOS LAGOS. 14094-164 Ribeirão Preto - SP.","(16) 32367526","1","2025-05-19 21:11:57"
"559","Ribeirão Preto","35579890","COLEGIO ARKADIA","Privada","FLORIANO PEIXOTO, 2321 RUA. ALTO DA BOA VISTA. 14025-220 Ribeirão Preto - SP.",,"1","2025-05-19 21:11:57"
"560","Ribeirão Preto","35186442","COLEGIO BATISTA INDEPENDENTE DE RIBEIRAO PRETO","Privada","RUA VEIGA MIRANDA, 789 RUA. JARDIM MOSTEIRO. 14085-200 Ribeirão Preto - SP.",,"1","2025-05-19 21:11:57"
"561","Ribeirão Preto","35008802","COLEGIO CECILIA MEIRELES EDUCACAO INFANTIL E ENSINO FUNDAMENTAL","Privada","RUA BENEDICTA RODRIGUES DOMINGOS, 491 PARQUE INDUSTRIAL LAGOINHA. 14095-050 Ribeirão Preto - SP.","(16) 36295747","1","2025-05-19 21:11:57"
"562","Ribeirão Preto","35009677","COLEGIO CERVANTES UNIDADE ALTO DA BOA VISTA","Privada","AVENIDA CARAMURU, 2721 ALTO DA BOA VISTA. 14025-303 Ribeirão Preto - SP.","(16) 993521597","1","2025-05-19 21:11:57"
"563","Ribeirão Preto","35268458","COLEGIO CONCEPCAO CRIANCA E CIA","Privada","AVENIDA MARIA DE JESUS CONDEIXA, 966976 JARDIM PALMA TRAVASSOS. 14091-240 Ribeirão Preto - SP.","(16) 981750261","1","2025-05-19 21:11:57"
"564","Ribeirão Preto","35050362","COLEGIO EINSTEIN SEMENTE","Privada","AVENIDA CARLOS CONSONI, 721 JARDIM CANADA. 14024-010 Ribeirão Preto - SP.","(16) 36208198","1","2025-05-19 21:11:57"
"565","Ribeirão Preto","35004305","COLEGIO ELEVE DE RIBEIRAO PRETO","Privada","SERGIPE, 663 CAMPOS ELISEOS. 14080-040 Ribeirão Preto - SP.","(16) 31025250","1","2025-05-19 21:11:58"
"566","Ribeirão Preto","35007958","COLEGIO ELEVE DE RIBEIRAO PRETO UNIDADE KENNEDY","Privada","AVENIDA PRESIDENTE KENNEDY, 2111 PARQUE INDUSTRIAL LAGOINHA. 14095-210 Ribeirão Preto - SP.","(16) 36031590","1","2025-05-19 21:11:58"
"567","Ribeirão Preto","35007630","COLEGIO ERA UMA VEZ","Privada","AVENIDA SANTA LUZIA, 633 JARDIM SUMARE. 14025-090 Ribeirão Preto - SP.","(16) 992059466","1","2025-05-19 21:11:58"
"568","Ribeirão Preto","35009332","COLEGIO FAAP RIBEIRAO PRETO","Privada","RUA MARCELLO SARTI, 100 RESIDENCIAL FLORIDA. 14026-290 Ribeirão Preto - SP.","(16) 39136356","1","2025-05-19 21:11:58"
"569","Ribeirão Preto","35009098","COLEGIO IARA VILMA SS LTDA ME","Privada","AVENIDA INDEPENDENCIA, 2514 ALTO DA BOA VISTA. 14025-230 Ribeirão Preto - SP.","(16) 36230466","1","2025-05-19 21:11:58"
"570","Ribeirão Preto","35006183","COLEGIO INDEPENDENCIA","Privada","HENRIQUE MORGAN AGUIAR, 24 E 44 INDEPENDENCIA. 14076-230 Ribeirão Preto - SP.","(16) 36261352","1","2025-05-19 21:11:58"
"571","Ribeirão Preto","35385931","COLEGIO JUBILEU","Privada","MARIA A DELAIDE MIRANDA PAIXAO, 315 JARDIM MACEDO. 14091-060 Ribeirão Preto - SP.","(16) 36276856","1","2025-05-19 21:11:58"
"572","Ribeirão Preto","35477643","COLEGIO MARANATA","Privada","FERNAO SALES, 935 RUA. CAMPOS ELISEOS. 14080-540 Ribeirão Preto - SP.","(16) 36260231","1","2025-05-19 21:11:58"
"573","Ribeirão Preto","35574961","COLEGIO MARISTA CHAMPAGNAT","Privada","PAULO REZENDE DE OLIVEIRA, 355 ALAMEDA. JARDIM SAINT GERARD. 14022-030 Ribeirão Preto - SP.","(16) 32384800","1","2025-05-19 21:11:58"
"574","Ribeirão Preto","35009366","COLEGIO NOVO UNIDADE ALTO DA BOA VISTA","Privada","CEL FERNANDO FERREIRA LEITE, 1035 JARDIM CALIFORNIA. 14026-010 Ribeirão Preto - SP.","(16) 994175482","1","2025-05-19 21:11:58"
"575","Ribeirão Preto","35008960","COLEGIO QUEIROZ BRUNELLI PRIMEIRO PASSOS UNIDADE II RIBEIRANIA","Privada","AVENIDA COSTABILE ROMANO, 1129 RIBEIRANIA. 14096-030 Ribeirão Preto - SP.","(16) 36034602","1","2025-05-19 21:11:58"
"576","Ribeirão Preto","35260708","COLEGIO REMINGTON","Privada","RUA MARIANA JUNQUEIRA, 1008 CENTRO. 14015-010 Ribeirão Preto - SP.","(16) 21020077","1","2025-05-19 21:11:58"
"577","Ribeirão Preto","35115083","COLEGIO RESSURREICAO RIBEIRAO PRETO","Privada","AVENIDA ANTONIO GOMES DA SILVA JUNIOR, 251 AVENIDA. PARQUE INDUSTRIAL LAGOINHA. 14095-440 Ribeirão Preto - SP.","(16) 36291912","1","2025-05-19 21:11:58"
"578","Ribeirão Preto","35007872","COLEGIO SALOMAO","Privada","SILVEIRA MARTINS, 1684 CAMPOS ELISEOS. 14080-110 Ribeirão Preto - SP.","(16) 41412583","1","2025-05-19 21:11:58"
"579","Ribeirão Preto","35141744","COLEGIO SALOMAO UNIDADE JARDIM PAULISTANO","Privada","RUA TERESA CRISTINA, 1683 RUA. JARDIM PAULISTANO. 14090-320 Ribeirão Preto - SP.","(16) 36246829","1","2025-05-19 21:11:58"
"580","Ribeirão Preto","35114960","COLEGIO SANTA URSULA DE RIBEIRAO PRETO","Privada","RUA CHILE, 1750 RUA. JARDIM IRAJA. 14020-610 Ribeirão Preto - SP.","(16) 32112828","1","2025-05-19 21:11:58"
"581","Ribeirão Preto","35029497","COLEGIO SOL E VIDA EDUCACAO INFANTIL E ENSINO FUNDAMENTAL","Privada","ITACOLOMI, 31 RUA. ALTO DA BOA VISTA. 14025-250 Ribeirão Preto - SP.","(16) 36237955","1","2025-05-19 21:11:58"
"582","Ribeirão Preto","35007131","COLEGIO SPIRLANDELLI","Privada","DOM ALBERTO GONCALVES, 1325 VILA TAMANDARE. 14085-100 Ribeirão Preto - SP.","(16) 31022501","1","2025-05-19 21:11:58"
"583","Ribeirão Preto","35567673","CONSTRUINDO CONHECIMENTO EEIEF","Privada","GERVASIO APARECIDO BARALDI, 435 RUA. PLANALTO VERDE. 14056-010 Ribeirão Preto - SP.","(16) 39751994","1","2025-05-19 21:11:58"
"584","Ribeirão Preto","35151270","CONTEMPORANEO LICEU","Privada","PARAISO, 369 RUA. VILA TIBERIO. 14050-440 Ribeirão Preto - SP.","(16) 36330028","1","2025-05-19 21:11:58"
"585","Ribeirão Preto","35264003","CONTRAPONTO ESCOLA MUSICAL E ARTISTICA","Privada","GARIBALDI, 2003 ALTO DA BOA VISTA. 14025-190 Ribeirão Preto - SP.","(16) 36122827","1","2025-05-19 21:11:58"
"586","Ribeirão Preto","35915555","CORDELIA RIBEIRO RAGOZO PROFESSORA","Pública","RUA FRANCISCO ALEXANDRE, 205 RUA. SAN LEANDRO. 14110-000 Ribeirão Preto - SP.","(16) 39721622","1","2025-05-19 21:11:58"
"587","Ribeirão Preto","35004203","CRECHE AUTA DE SOUZA","Privada","DOS ANDRADAS, 850 JARDIM MARCHESI. 14031-332 Ribeirão Preto - SP.","(16) 39191042","1","2025-05-19 21:11:58"
"588","Ribeirão Preto","35411644","CRECHE VOVO MECA EDUCACAO INFANTIL","Privada","ADOLFO LEANDRO, 211 RUA. GERALDO CORREIA DE CARVALHO. 14061-370 Ribeirão Preto - SP.","(16) 36224058","1","2025-05-19 21:11:58"
"589","Ribeirão Preto","35296570","CRER E VENCER COLEGIO","Privada","SALOMAO CAPITAO, 555 RUA. CAMPOS ELISEOS. 14080-210 Ribeirão Preto - SP.","(16) 39646066","1","2025-05-19 21:11:58"
"590","Ribeirão Preto","35307713","D ALCANCE CURSOS E EVENTOS","Privada","AMERICO BRASILIENSE, 1377 RUA. CENTRO. 14015-050 Ribeirão Preto - SP.","(16) 36109036","1","2025-05-19 21:11:58"
"591","Ribeirão Preto","35131052","DANIA AMARAL ESPACO","Privada","HUMAITA, 313 RUA. SANTA CRUZ DO JOSE JACQUES. 14020-680 Ribeirão Preto - SP.","(16) 36208000","1","2025-05-19 21:11:59"
"592","Ribeirão Preto","35301383","DEOLINDA GASPARINI CENTRO DE EDUCACAO INFANTIL","Pública","ABILIO SAMPAIO, 675 RUA. VILA VIRGINIA. 14030-420 Ribeirão Preto - SP.","(16) 39143659","1","2025-05-19 21:11:59"
"593","Ribeirão Preto","35566780","DEPUTADO ANTONIO CALIXTO","Pública","LUIS FELICIO, 700 RUA. JARDIM DOUTOR PAULO GOMES ROMEO. 14056-735 Ribeirão Preto - SP.","(16) 39757628","1","2025-05-19 21:11:59"
"594","Ribeirão Preto","35233328","DERCY CELIA SEIXAS FERRARI PROFA EMEF","Pública","DOMINGOS HUMBERTO BARILLARI, 210 RUA. CONJUNTO HABITACIONAL JARDIM DAS PALMEIRAS. 14094-018 Ribeirão Preto - SP.","(16) 36174200","1","2025-05-19 21:11:59"
"595","Ribeirão Preto","35801811","DIMENSAO BERCARIO E EDUCACAO INFANTIL","Privada","BARTOLOMEU DE GUSMAO, 543 RUA. VILA TIBERIO. 14050-080 Ribeirão Preto - SP.","(16) 34418868","1","2025-05-19 21:11:59"
"596","Ribeirão Preto","35047466","DJANIRA VELHO PROFESSORA","Pública","RUA BORBA GATO, 60 RUA. VILA AMELIA. 14050-340 Ribeirão Preto - SP.","(16) 36107036","1","2025-05-19 21:11:59"
"597","Ribeirão Preto","35233377","DOM BOSCO CENTRO DE EDUCACAO INFANTIL","Pública","RUA TUPINAMBA, 1497 RUA. IPIRANGA. 14060-630 Ribeirão Preto - SP.","(16) 36226323","1","2025-05-19 21:11:59"
"598","Ribeirão Preto","35220462","DOMINGOS ANGERAMI PROF DR EMEF","Pública","JOAO CLAPP, 1501 CAMPOS ELISEOS. 14085-550 Ribeirão Preto - SP.","(16) 36158797","1","2025-05-19 21:11:59"
"599","Ribeirão Preto","35044660","DOMINGOS JOAO BAPTISTA SPINELLI PROFESSOR DOUTOR","Pública","RUA DEPUTADO ORLANDO JURCA, 92 RUA. QUINTINO FACCI II. 14070-280 Ribeirão Preto - SP.","(16) 36380071","1","2025-05-19 21:11:59"
"600","Ribeirão Preto","35024168","DR THOMAZ ALBERTO WHATELY","Pública","RUA MARQUES DE POMBAL, 349 RUA. CAMPOS ELISEOS. 14080-100 Ribeirão Preto - SP.","(16) 39311401","1","2025-05-19 21:11:59"
"601","Ribeirão Preto","35442914","DUQUE ESCOLA DE EDUCACAO INFANTIL E ENSINO FUNDAMENTAL","Privada","MONTEIRO LOBATO, 2100 AVENIDA. VILA VIRGINIA. 14030-520 Ribeirão Preto - SP.","(16) 36370358","1","2025-05-19 21:11:59"
"602","Ribeirão Preto","35024120","EDGARDO CAJADO DOUTOR","Pública","RUA GENERAL CAMARA, 157 RUA. IPIRANGA. 14055-080 Ribeirão Preto - SP.","(16) 36334520","1","2025-05-19 21:11:59"
"603","Ribeirão Preto","35202356","EDUARDO ROMUALDO DE SOUZA PROF EMEF","Pública","RUA VISCONDE DE INHUMIRIM, 1001 RUA. VILA VIRGINIA. 14030-490 Ribeirão Preto - SP.","(16) 39198502","1","2025-05-19 21:11:59"
"604","Ribeirão Preto","35172583","EDUCACAO INFANTIL SCHOOL GARDEN LTDA","Privada","RUA CONSTITUICAO, 603 RUA. VILA TIBERIO. 14050-470 Ribeirão Preto - SP.","(16) 36303193","1","2025-05-19 21:11:59"
"605","Ribeirão Preto","35009497","EEI CELIA REGINA DA SILVA VANZO","Privada","RUA JOAO RAMOS E SILVA, 905 PARQUE SAO SEBASTIAO. 14093-280 Ribeirão Preto - SP.","(16) 994359204","1","2025-05-19 21:11:59"
"606","Ribeirão Preto","35009529","EEI FRANCESCO CAMMILLERI","Privada","RUA GUARATINGUETA, 605 JARDIM SALGADO FILHO. 14078-130 Ribeirão Preto - SP.","(16) 994474707","1","2025-05-19 21:11:59"
"607","Ribeirão Preto","35009896","EEI REI PELE EDSON ARANTES DO NASCIMENTO","Privada","RUA SERGIO APPROBATO MACHADO, 270 RESERVA REAL. 14094-650 Ribeirão Preto - SP.","(16) 993434879","1","2025-05-19 21:11:59"
"608","Ribeirão Preto","35079595","EGYDIO PEDRESCHI CENTRO DE EDUCACAO ESPECIAL","Pública","RUA ADOLFO ZEO, 287 RUA. RIBEIRANIA. 14096-470 Ribeirão Preto - SP.","(16) 36274912","1","2025-05-19 21:11:59"
"609","Ribeirão Preto","35186429","EINSTEIN COLEGIO","Privada","AVENIDA BRAZ OLAIA ACOSTA, 1380 AVENIDA. JARDIM CALIFORNIA. 14026-040 Ribeirão Preto - SP.","(16) 38785252","1","2025-05-19 21:11:59"
"610","Ribeirão Preto","35573985","ELBA DE PADUA LIMA COMPLEXO ESPORTIVA","Pública","RUA CAMILO DE MATOS, 627 CAPOS ELISEOS. 14085-340 Ribeirão Preto - SP.","(16) 36049900","1","2025-05-19 21:11:59"
"611","Ribeirão Preto","35212842","ELISA DUBOC GARCIA PROFA EMEF","Pública","LYGIA LATUF SALOMAO, 202 AVENIDA. JARDIM JOAO ROSSI. 14026-518 Ribeirão Preto - SP.","(16) 36210235","1","2025-05-19 21:11:59"
"612","Ribeirão Preto","35097184","ELZA GUAZZELI DA COSTA PROFA EMEI","Pública","RUA VIRGILIO ANTONIO SIMIONATO, 295 RUA. AVELINO ALVES PALMA. 14070-690 Ribeirão Preto - SP.","(16) 36384524","1","2025-05-19 21:11:59"
"613","Ribeirão Preto","35062996","EMILIO JARBINET PADRE EMEI","Pública","JOAO RIBEIRO, 833 RUA. CAMPOS ELISEOS. 14080-610 Ribeirão Preto - SP.","(16) 36267101","1","2025-05-19 21:11:59"
"614","Ribeirão Preto","35376978","ENSINARTE CENTRO EDUCACIONAL","Privada","ISAC THEODORO DE LIMA DOUTOR, 307 RUA. JARDIM IRAJA. 14020-540 Ribeirão Preto - SP.","(16) 32347086","1","2025-05-19 21:11:59"
"615","Ribeirão Preto","35205540","EPONINA DE BRITTO ROSSETTO PROFA EMEF","Pública","RUA D, SN RUA. RECREIO INTERNACIONAL. 14094-582 Ribeirão Preto - SP.","(16) 36295711","1","2025-05-19 21:11:59"
"616","Ribeirão Preto","35004304","ESCOLA CONCEPT","Privada","LUIZ EDUARDO TOLEDO PRADO, 2675 VILA DO GOLF. 14027-250 Ribeirão Preto - SP.",,"1","2025-05-19 21:11:59"
"617","Ribeirão Preto","35145610","ESCOLA DE EDUCACAO ESPECIAL PROFESSORA MARIA APARECIDA FERREIRA COLOMBO APAERP","Privada","RUA CORACY DE TOLEDO PIZA, 571 RUA. RIBEIRANIA. 14096-230 Ribeirão Preto - SP.","(16) 35125200","1","2025-05-19 21:11:59"
"618","Ribeirão Preto","35008893","ESCOLA DE EDUCACAO INFANTIL DEPUTADO JOAO CUNHA (( CASA DA CRIANÇA IRMÃ CRUCIFIXA)","Privada","RUA JOAO DINIZ ALVIM, 281 JARDIM JOSE WILSON TONI. 14056-076 Ribeirão Preto - SP.","(16) 997495189","1","2025-05-19 21:11:59"
"619","Ribeirão Preto","35007319","ESCOLA DE EDUCACAO INFANTIL DR FABIO MUSA","Privada","RUA ZILDA FARIA, 805 JARDIM CRISTO REDENTOR. 14063-226 Ribeirão Preto - SP.","(16) 992711452","1","2025-05-19 21:12:00"
"620","Ribeirão Preto","35007951","ESCOLA DE EDUCACAO INFANTIL EDUARDO DINIZ JUNQUEIRA","Privada","AVENIDA ERNESTO GUEVARA LA SERNA, 651 PARQUE DOS PINUS. 14062-232 Ribeirão Preto - SP.","(16) 39764525","1","2025-05-19 21:12:00"
"621","Ribeirão Preto","35007967","ESCOLA DE EDUCACAO INFANTIL GENY BIAGIONI VEIGA","Privada","RUA DOUTOR JOAO GUIAO, 1245 VILA VIRGINIA. 14030-440 Ribeirão Preto - SP.","(16) 32377447","1","2025-05-19 21:12:00"
"622","Ribeirão Preto","35004104","ESCOLA DE EDUCACAO INFANTIL JARDIM DE GAIA","Privada","GABRIEL CARRARO, 1619 RESIDENCIAL PARQUE DOS SERVIDORES. 14094-239 Ribeirão Preto - SP.","(16) 36173538","1","2025-05-19 21:12:00"
"623","Ribeirão Preto","35447444","ESCOLA DE EDUCACAO INFANTIL MARIA DE NAZARE","Privada","ROMANO CORO, 226 RUA. PARQUE INDUSTRIAL TANQUINHO. 14075-630 Ribeirão Preto - SP.","(16) 36260018","1","2025-05-19 21:12:00"
"624","Ribeirão Preto","35007950","ESCOLA DE EDUCACAO INFANTIL NAGIBE EL KHOURI LIAN","Privada","RUA MARANHAO, 630 IPIRANGA. 14055-600 Ribeirão Preto - SP.","(16) 39632808","1","2025-05-19 21:12:00"
"625","Ribeirão Preto","35009018","ESCOLA DE EDUCACAO INFANTIL PASTORA NAILDETE BARBOSA LINS","Pública","RUA ANGELO EGYDIO PEDRESCHI, 350 JARDIM MARCHESI. 14031-303 Ribeirão Preto - SP.","(16) 39000799","1","2025-05-19 21:12:00"
"626","Ribeirão Preto","35006382","ESCOLA DE EDUCACAO INFANTIL PEQUENO CONSTRUTOR UNIDADE II","Privada","LIONS CLUBE, 43 PARQUE DOS BANDEIRANTES. 14090-430 Ribeirão Preto - SP.",,"1","2025-05-19 21:12:00"
"627","Ribeirão Preto","35008822","ESCOLA DE EDUCACAO INFANTIL PROFESSORA FLORIANETE DE OLIVEIRA GUIMARAES","Privada","RIO ARAGUAIA, 875 JARDIM PARAISO. 14060-260 Ribeirão Preto - SP.","(16) 37717985","1","2025-05-19 21:12:00"
"628","Ribeirão Preto","35587461","ESCOLA DE EDUCACAO INFANTIL RECREANDO","Privada","RUA MARQUES DO POMBAL, 1031 RUA. CAMPOS ELISEOS. 14080-100 Ribeirão Preto - SP.","(16) 36264438","1","2025-05-19 21:12:00"
"629","Ribeirão Preto","35050696","ESCOLA DE EDUCACAO INFANTIL TIA SELMA LTDA","Privada","CESARIO MOTTA, 918 RUA. JARDIM PAULISTA. 14090-052 Ribeirão Preto - SP.","(16) 36321161","1","2025-05-19 21:12:00"
"630","Ribeirão Preto","35008078","ESCOLA DE EDUCACAO INFANTIL TURMINHA DA LUZ","Privada","RUA SAO SEBASTIAO, 1226 CENTRO. 14015-040 Ribeirão Preto - SP.","(16) 30430516","1","2025-05-19 21:12:00"
"631","Ribeirão Preto","35585063","ESCOLA DE EDUCACAO INFANTIL VILLA COR","Privada","RUA ITAPIRA, 205 JARDIM PAULISTA. 14090-122 Ribeirão Preto - SP.","(16) 32352561","1","2025-05-19 21:12:00"
"632","Ribeirão Preto","35007628","ESCOLA DE EDUCACAO INFANTIL VIVER FELIZ UNIDADE II","Privada","JOSE ROBERTO VITORAZZI, 200 JARDIM NOVA ALIANCA. 14026-576 Ribeirão Preto - SP.","(16) 39045162","1","2025-05-19 21:12:00"
"633","Ribeirão Preto","35152894","ESCOLA DE ENSINO MEDIO CARLOS CHAGAS FILHO","Privada","AVENIDA ITATIAIA, 1176 AVENIDA. JARDIM SUMARE. 14025-240 Ribeirão Preto - SP.","(16) 36026960","1","2025-05-19 21:12:01"
"634","Ribeirão Preto","35056182","ESCOLA INFANTIL PEIXINHO DOURADO","Privada","PERNAMBUCO, 1210 RUA. CAMPOS ELISEOS. 14085-570 Ribeirão Preto - SP.","(16) 36125074","1","2025-05-19 21:12:01"
"635","Ribeirão Preto","35123262","ESCOLA MIRO DE EDUCACAO INFANTIL ENSINO FUNDAMENTAL E MEDIO","Privada","RUA DOUTOR MARIO DE ASSIS MOURA, 380 RUA. JARDIM NOVA ALIANCA. 14026-578 Ribeirão Preto - SP.","(16) 36236255","1","2025-05-19 21:12:01"
"636","Ribeirão Preto","35007868","ESCOLA MIRO UNIDADE II","Privada","CAPITAO ADELMIO NORBERTO DA SILVA, 705 ALTO DA BOA VISTA. 14025-670 Ribeirão Preto - SP.","(16) 36236255","1","2025-05-19 21:12:01"
"637","Ribeirão Preto","35100511","ESCOLA PRO CULTURAL AMARELINHA","Privada","RUA FREI CANECA, 770 RUA. VILA TAMANDARE. 14085-150 Ribeirão Preto - SP.","(16) 39794555","1","2025-05-19 21:12:01"
"638","Ribeirão Preto","35290804","ESCOLA SEB UNIDADE ALVARES CABRAL","Privada","ALVARES CABRAL, 790 RUA. CENTRO. 14010-080 Ribeirão Preto - SP.","(16) 36039429","1","2025-05-19 21:12:01"
"639","Ribeirão Preto","35132925","ESCOLA SEB UNIDADE LAFAIETE","Privada","RUA LAFAIETE, 261 RUA. CENTRO. 14015-080 Ribeirão Preto - SP.","(16) 36039429","1","2025-05-19 21:12:01"
"640","Ribeirão Preto","35140430","ESCOLA SEB UNIDADE PORTUGAL","Privada","AVENIDA PORTUGAL, 1675 AVENIDA. SANTA CRUZ JOSE JAQUES. 14020-380 Ribeirão Preto - SP.","(16) 36039429","1","2025-05-19 21:12:01"
"641","Ribeirão Preto","35115009","ESCOLA SEB UNIDADE RIBEIRANIA","Privada","RUA ABRAAO ISSA HALACK, 320 RUA. RIBEIRANIA. 14096-160 Ribeirão Preto - SP.","(16) 36039420","1","2025-05-19 21:12:01"
"642","Ribeirão Preto","35114704","ESCOLA SESI DR ORLANDO OMETTO","Privada","MARIA GODI BIM, 501 RUA. PLANALTO VERDE. 14056-050 Ribeirão Preto - SP.","(16) 36338579","1","2025-05-19 21:12:01"
"643","Ribeirão Preto","35004373","ESPACO ARTE DO MUSEU","Privada","TRIUNFO, 284 SANTA CRUZ DO JOSE JACQUES. 14020-670 Ribeirão Preto - SP.","(16) 36230336","1","2025-05-19 21:12:01"
"644","Ribeirão Preto","35118540","ESPACO CULTURAL COLEGIO","Privada","RUA BERNARDO GONCALVES, 125 21. JARDIM ROBERTO BENEDETTI. 14098-202 Ribeirão Preto - SP.","(16) 36294551","1","2025-05-19 21:12:01"
"645","Ribeirão Preto","35288287","ESPACO MIRO EDUCACAO INFANTIL E FUNDAMENTAL","Privada","MARIO DE ASSIS MOURA DOUTOR, 400 RUA. NOVA ALIANCA. 14026-578 Ribeirão Preto - SP.","(16) 36236255","1","2025-05-19 21:12:01"
"646","Ribeirão Preto","35925676","ESPLANADA DA ESTACAO","Pública","RUA SERRA NEGRA, 100 RUA. JARDIM IARA. 14078-640 Ribeirão Preto - SP.","(16) 36287870","1","2025-05-19 21:12:01"
"647","Ribeirão Preto","35024065","EUGENIA VILHENA DE MORAIS PROFESSORA","Pública","ABILIO SAMPAIO, 900 RUA. VILA VIRGINIA. 14030-420 Ribeirão Preto - SP.","(16) 36202323","1","2025-05-19 21:12:01"
"648","Ribeirão Preto","35060324","EURIPEDES BARSANULFO ESCOLA DE EDUCACAO INFANTIL (CASAS DE BETANIA)","Privada","RUA ANDRE REBOUCAS, 1434 RUA. IPIRANGA. 14055-650 Ribeirão Preto - SP.","(16) 35121878","1","2025-05-19 21:12:02"
"649","Ribeirão Preto","35907881","EXPEDICIONARIOS BRASILEIROS","Pública","ORIVALDO BRAGA, 617 RUA. JARDIM SAO JOSE. 14098-080 Ribeirão Preto - SP.","(16) 36179101","1","2025-05-19 21:12:02"
"650","Ribeirão Preto","35449003","FAAP RIBEIRAO PRETO COLEGIO","Privada","MARCELLO SARTI, 99 RUA. RESIDENCIAL FLORIDA. 14026-290 Ribeirão Preto - SP.","(16) 39136356","1","2025-05-19 21:12:02"
"651","Ribeirão Preto","35023796","FABIO BARRETO","Pública","AMADOR BUENO, 220 RUA. CENTRO. 14010-070 Ribeirão Preto - SP.","(16) 39415145","1","2025-05-19 21:12:02"
"652","Ribeirão Preto","35305066","FABIOLA POCH CENTRO DE DANCA","Privada","NELIO GUIMARAES, 177 ALTO DA BOA VISTA. 14025-290 Ribeirão Preto - SP.","(16) 30230099","1","2025-05-19 21:12:02"
"653","Ribeirão Preto","35446282","FAUSTINO JARRUCHE DR EMEF","Pública","CARLOS EDSON MACHADO, 100 RUA. PARQUE RIBEIRAO PRETO. 14031-170 Ribeirão Preto - SP.","(16) 39640317","1","2025-05-19 21:12:02"
"654","Ribeirão Preto","35802116","FAVINHO DE MEL ESCOLA INFANTIL E FUNDAMENTAL","Privada","RUA PARAISO, 586 RUA. VILA TIBERIO. 14050-440 Ribeirão Preto - SP.","(16) 36302336","1","2025-05-19 21:12:02"
"655","Ribeirão Preto","35363510","FAZENDA AGUA CLARAS","Pública","FAZENDA AGUAS CLARAS, SN 14070-650 Ribeirão Preto - SP.",,"1","2025-05-19 21:12:02"
"656","Ribeirão Preto","35233419","FELICITA DRUDI COSTA PINTO CENTRO DE EDUCACAO INFANTIL","Pública","RUA ROBERTO MICHELLIN, 165 RUA. ANTONIO MARINCEK. 14061-190 Ribeirão Preto - SP.","(16) 36228924","1","2025-05-19 21:12:02"
"657","Ribeirão Preto","35262250","FILADELFIA DE RIBEIRAO PRETO INSTITUTO","Privada","ARCOVERDE CARDEAL, 68 RUA. VILA VIRGINIA. 14030-180 Ribeirão Preto - SP.","(16) 32114400","1","2025-05-19 21:12:02"
"658","Ribeirão Preto","35023966","FRANCISCO BONFIM","Pública","RUA PARANAGUA, 1011 RUA. VILA ALBERTINA. 14060-100 Ribeirão Preto - SP.","(16) 36220835","1","2025-05-19 21:12:02"
"659","Ribeirão Preto","35024016","FRANCISCO DA CUNHA JUNQUEIRA DOUTOR","Pública","RUA JAIR COSTA, SN RUA. CENTRO. 14110-000 Ribeirão Preto - SP.","(16) 39720009","1","2025-05-19 21:12:02"
"660","Ribeirão Preto","35573954","FRANCISCO RUBENS CALIL","Pública","R ERNESTO PETERSEN, 36 QUINTINO FACCI II. 14070-480 Ribeirão Preto - SP.","(16) 36382444","1","2025-05-19 21:12:03"
"661","Ribeirão Preto","35567632","GABARITO COLEGIO","Privada","ALTINO ARANTES, 922 JARDIM SUMARE. 14025-030 Ribeirão Preto - SP.","(16) 35127777","1","2025-05-19 21:12:03"
"662","Ribeirão Preto","35291493","GENESIS COLEGIO","Privada","JOAO GOULART PRESIDENTE, 315 AVENIDA. GERALDO CORREIA DE CARVALHO. 14061-280 Ribeirão Preto - SP.","(16) 33256632","1","2025-05-19 21:12:03"
"663","Ribeirão Preto","35270040","GERALDA DE SOUZA ESPIN EMEF","Pública","RUA EMYGDIO ROSSETO, 2960 RUA. JARDIM FLORESTAN FERNANDES. 14079-326 Ribeirão Preto - SP.","(16) 36178075","1","2025-05-19 21:12:03"
"664","Ribeirão Preto","35037151","GERALDO CORREIA DE CARVALHO DOUTOR","Pública","RUA ITAGUACU, 869 RUA. IPIRANGA. 14060-030 Ribeirão Preto - SP.","(16) 36222728","1","2025-05-19 21:12:03"
"665","Ribeirão Preto","35903462","GETULIO VARGAS DOUTOR","Pública","RUA DOUTOR DOMINGOS SGORLON, 270 RUA. AVELINO ALVES PALMA. 14070-660 Ribeirão Preto - SP.","(16) 36381068","1","2025-05-19 21:12:03"
"666","Ribeirão Preto","35232609","GIRASSOL ENCANTADO CRECHE","Pública","RUA DOUTOR MORAIS DE LIMA, 811 RUA. JARDIM ANHANGUERA. 14092-160 Ribeirão Preto - SP.","(16) 36273911","1","2025-05-19 21:12:03"
"667","Ribeirão Preto","35023899","GLETE DE ALCANTARA PROFESSORA","Pública","RUA PROFESSOR WLADEMIR PINTO FERRAZ, 156 RUA. PARQUE RIBEIRAO PRETO. 14031-440 Ribeirão Preto - SP.","(16) 36370662","1","2025-05-19 21:12:03"
"668","Ribeirão Preto","35909737","GLORIA DOS SANTOS FONSECA PROFESSORA","Pública","RUA MANAUS, 1735 RUA. IPIRANGA. 14060-520 Ribeirão Preto - SP.","(16) 36157271","1","2025-05-19 21:12:03"
"669","Ribeirão Preto","35071912","GOTINHAS DE ORVALHO ESCOLA DE EDUCACAO INFANTIL","Privada","RUA HELIO LAURATO, 106 RUA. ANTONIO MARINCEK. 14061-080 Ribeirão Preto - SP.","(16) 36156671","1","2025-05-19 21:12:03"
"670","Ribeirão Preto","35024028","GUIMARAES JUNIOR DOUTOR","Pública","RUA LAFAIETE, 584 RUA. CENTRO. 14015-080 Ribeirão Preto - SP.","(16) 36322928","1","2025-05-19 21:12:03"
"671","Ribeirão Preto","35252232","HCFMRPUSP CENTRO INTERESCOLAR DO","Pública","CAMPUS UNIVERSITARIO, SN MONTE ALEGRE. 14048-900 Ribeirão Preto - SP.","(16) 36022013","1","2025-05-19 21:12:03"
"672","Ribeirão Preto","35258490","HEITOR VILLA LOBOS ESCOLA DE MUSICA","Privada","RUA AMADOR BUENO, 1302 RUA. CENTRO. 14010-070 Ribeirão Preto - SP.","(16) 36258994","1","2025-05-19 21:12:03"
"673","Ribeirão Preto","35900761","HELIO LOURENCO DE OLIVEIRA PROFESSOR","Pública","GONCALVES DE MAGALHAES, 1500 RUA. JARDIM PIRATININGA. 14030-570 Ribeirão Preto - SP.","(16) 36372777","1","2025-05-19 21:12:03"
"674","Ribeirão Preto","35024156","HELY LOPES MEIRELLES","Pública","RUA SAO PAULO, 726 RUA. CAMPOS ELISEOS. 14085-010 Ribeirão Preto - SP.","(16) 36125305","1","2025-05-19 21:12:03"
"675","Ribeirão Preto","35084700","HENILLA GODOY VELLUDO SALVADOR EMEI","Pública","RUA VICENTE LEANDRO, 415 RUA. GERALDO CORREIA DE CARVALHO. 14061-290 Ribeirão Preto - SP.","(16) 39767000","1","2025-05-19 21:12:03"
"676","Ribeirão Preto","35023905","HERMINIA GUGLIANO PROFESSORA","Pública","RUA DOUTOR JORGE LOBATO, 765 RUA. VILA TIBERIO. 14050-110 Ribeirão Preto - SP.","(16) 36300044","1","2025-05-19 21:12:03"
"677","Ribeirão Preto","35073817","HILDA MARIA SOBRAL BARBOSA MANDARINO EMEI","Pública","RUA OLIMPIO FERREIRA DA COSTA, 255 RUA. JARDIM JOAQUIM PROCOPIO DE ARAUJO FERRAZ. 14065-390 Ribeirão Preto - SP.","(16) 36394759","1","2025-05-19 21:12:03"
"678","Ribeirão Preto","35464351","HILDA MOSCA ESCOLA MUNICIPAL DE EDUCACAO INFANTIL","Pública","LUCIO ODUVALDO SIMIONATO, 155 RUA. JARDIM DIVA TARLA DE CARVALHO. 14079-391 Ribeirão Preto - SP.","(16) 36245925","1","2025-05-19 21:12:03"
"679","Ribeirão Preto","35206436","HONORATO DE LUCCA PROF EMEF","Pública","RUA ANHEMBI, 401 RUA. JARDIM SALGADO FILHO. 14078-290 Ribeirão Preto - SP.","(16) 36266982","1","2025-05-19 21:12:03"
"680","Ribeirão Preto","35435193","HORTENCIO PEREIRA DA SILVA PROFESSOR CEI","Pública","PINHAL, SN RUA. JARDIM AEROPORTO. 14078-420 Ribeirão Preto - SP.","(16) 36283871","1","2025-05-19 21:12:04"
"681","Ribeirão Preto","35982040","HOSP CLINICAS FAC MEDICINA RP USP UN EMERGENCIA CCI","Pública","SETE DE SETEMBRO, 1050 RUA. CENTRO. 14010-180 Ribeirão Preto - SP.","(16) 36021187","1","2025-05-19 21:12:04"
"682","Ribeirão Preto","35982064","HOSP CLINICAS FMRP CAMPUS USP CCI","Pública","AVENIDA BANDEIRANTES, 3900 VILA MONTE ALEGRE. 14040-030 Ribeirão Preto - SP.","(16) 36022290","1","2025-05-19 21:12:04"
"683","Ribeirão Preto","35457383","HOSP CLINICAS RIBEIRAO PRETO CL HOSPITALAR","Pública","AVENIDA BANDEIRANTES, 3900 VILA MONTE ALEGRE. 14040-030 Ribeirão Preto - SP.","(16) 36022575","1","2025-05-19 21:12:04"
"684","Ribeirão Preto","35060082","HOSPEDAGEM E RECREACAO INFANTIL JURUMIM","Privada","PRIMEIRO DE MAIO, 1240 AVENIDA. VILA VIRGINIA. 14030-390 Ribeirão Preto - SP.","(16) 36210959","1","2025-05-19 21:12:04"
"685","Ribeirão Preto","35457401","HOSPITAL DAS CLINICAS RIBEIRAO PRETO CLASSE HOSPITALAR","Pública","AVENIDA BANDEIRANTES, VILA MONTE ALEGRE. 14040-030 Ribeirão Preto - SP.",,"1","2025-05-19 21:12:04"
"686","Ribeirão Preto","35457413","HOSPITAL DAS CLINICAS RIBEIRAO PRETO CLASSE HOSPITALAR","Pública","RUA BERNARDINO DE CAMPOS, 1000 CENTRO. 14015-130 Ribeirão Preto - SP.","(16) 36022575","1","2025-05-19 21:12:04"
"687","Ribeirão Preto","35457425","HOSPITAL DAS CLINICAS RIBEIRAO PRETO CLASSE HOSPITALAR","Pública","AVENIDA BANDEIRANTES, VILA MONTE ALEGRE. 14040-030 Ribeirão Preto - SP.","(16) 36022575","1","2025-05-19 21:12:04"
"688","Ribeirão Preto","35457395","HOSPITAL DAS CLINICAS RIBEIRAO PRETO FMSP CL HOSPITALAR","Pública","AVENIDA BANDEIRANTES, 3900 VILA MONTE ALEGRE. 14040-030 Ribeirão Preto - SP.","(16) 36022575","1","2025-05-19 21:12:04"
"689","Ribeirão Preto","35121733","IAVEC VIDA DE ENSINO CRISTAO INSTITUTO AVANCADO","Privada","RUA ALBUQUERQUE LINS, 383 RUA. JARDIM PAULISTA. 14090-230 Ribeirão Preto - SP.","(16) 39049310","1","2025-05-19 21:12:04"
"690","Ribeirão Preto","35295784","IDEAL COLEGIO","Privada","RUA JOSE MARCELINO PINTO, 251B RUA. RIBEIRANIA. 14096-540 Ribeirão Preto - SP.","(16) 34568878","1","2025-05-19 21:12:04"
"691","Ribeirão Preto","35414256","IMACULADO CORACAO DE MARIA CRECHE","Privada","MONTE ALEGRE, 707 RUA. SUMAREZINHO. 14051-260 Ribeirão Preto - SP.","(16) 36305309","1","2025-05-19 21:12:04"
"692","Ribeirão Preto","35299397","IMMAGINARE ESCOLA DE CRIACAO E ARTES VISUAIS","Privada","RUA MAESTRO IGNACIO STABILE, 300 RUA. ALTO DA BOA VISTA. 14025-640 Ribeirão Preto - SP.","(16) 32366059","1","2025-05-19 21:12:04"
"693","Ribeirão Preto","35167940","INTERATIVA ESCOLA DE ENSINO FUNDAMENTAL","Privada","DR FRANCISCO GUGLIANO, 4 LOTE 4 16 E 19. ROYAL PARQUE. 14028-500 Ribeirão Preto - SP.","(16) 992028118","1","2025-05-19 21:12:04"
"694","Ribeirão Preto","35900072","IRENE DIAS RIBEIRO PROFESSORA","Pública","RUA DOUTOR ANTONIO SYLVIO CUNHA BUENO, 205 RUA. GERALDO CORREIA DE CARVALHO. 14061-380 Ribeirão Preto - SP.","(16) 36156116","1","2025-05-19 21:12:04"
"695","Ribeirão Preto","35063009","IRIA JUNQUEIRA DONA EMEI","Pública","RUA DOUTOR MARCIANO, 126 RUA. CENTRO. 14110-000 Ribeirão Preto - SP.","(16) 39720200","1","2025-05-19 21:12:04"
"696","Ribeirão Preto","35443724","IRMA HULDA MARIA SOARES DEL PAPA CEFIC","Privada","MANOEL BERNARDES PADRE, 1564 RUA. JARDIM MARIA GORETTI. 14030-280 Ribeirão Preto - SP.","(16) 39198000","1","2025-05-19 21:12:04"
"697","Ribeirão Preto","35141537","ITAMARATI COLEGIO","Privada","RUA ABRAO CAIXE, 383 RUA. JARDIM IRAJA. 14020-630 Ribeirão Preto - SP.","(16) 33230888","1","2025-05-19 21:12:04"
"698","Ribeirão Preto","35317263","ITAMARATI COLEGIO","Privada","PAULO BARRA DOUTOR, 1477 RUA. JARDIM SAO LUIZ. 14020-320 Ribeirão Preto - SP.","(16) 36230862","1","2025-05-19 21:12:04"
"699","Ribeirão Preto","35168634","IZOLINA IRMA CRECHE LAR","Privada","RUA SABATINO DEL LAMA, 75 RUA. VILA ELISA. 14075-028 Ribeirão Preto - SP.","(16) 36268528","1","2025-05-19 21:12:04"
"700","Ribeirão Preto","35299121","J MANIEZO COLEGIO","Privada","RUA JACOB MIGUEL, 444 RUA. QUINTINO FACCI II. 14070-150 Ribeirão Preto - SP.","(16) 36380628","1","2025-05-19 21:12:04"
"701","Ribeirão Preto","35275931","JAIME MONTEIRO DE BARROS PROF EMEF","Pública","RUA PIRASSUNUNGA, 1100 RUA. JARDIM AEROPORTO. 14078-440 Ribeirão Preto - SP.","(16) 36266454","1","2025-05-19 21:12:04"
"702","Ribeirão Preto","35202307","JARBAS MASSULLO PROF EMEF","Pública","RUA HERON DOMINGUES, 810 RUA. PARQUE SAO SEBASTIAO. 14093-400 Ribeirão Preto - SP.","(16) 36298990","1","2025-05-19 21:12:05"
"703","Ribeirão Preto","35007202","JARDIM BELA LIRIA ESCOLA DE EDUCACAO INFANTIL E ENSINO FUNDAMENTAL I","Privada","CONDE AFONSO CELSO, 333 JARDIM SUMARE. 14025-000 Ribeirão Preto - SP.","(16) 997461415","1","2025-05-19 21:12:05"
"704","Ribeirão Preto","35008988","JARDIM BELA LIRIA ESCOLA DE EDUCACAO INFANTIL E ENSINO FUNDAMENTAL I","Privada","RUA SAO JOSE, 2101 ALTO DA BOA VISTA. 14025-186 Ribeirão Preto - SP.","(16) 997461415","1","2025-05-19 21:12:05"
"705","Ribeirão Preto","35350588","JARDIM DIVA TARLA DE CARVALHO","Pública","JOAO TONIOLLI, 3475 RUA. JARDIM DIVA TARLA DE CARVALHO. 14079-390 Ribeirão Preto - SP.","(16) 39963995","1","2025-05-19 21:12:05"
"706","Ribeirão Preto","35009008","JARDIM ENCANTADO CENTRO DE EDUCACAO INFANTIL","Privada","RUA BARAO DO AMAZONAS, 1814 JARDIM SUMARE. 14025-110 Ribeirão Preto - SP.","(16) 36238815","1","2025-05-19 21:12:05"
"707","Ribeirão Preto","35925688","JARDIM PAIVA I","Pública","RUA JOAO DAQUIL BICHUETTE, 300 RUA. JARDIM PAIVA I. 14056-774 Ribeirão Preto - SP.","(16) 39632600","1","2025-05-19 21:12:05"
"708","Ribeirão Preto","35807667","JEAN PIAGET CENTRO EDUCACIONAL","Privada","PRACA ROTARI CLUB, 67 PRACA. CITY RIBEIRAO. 14021-355 Ribeirão Preto - SP.","(16) 39162022","1","2025-05-19 21:12:05"
"709","Ribeirão Preto","35041531","JENNY DE TOLEDO PIZA SCHROEDER PROFESSORA","Pública","CAROLINA MARIA DE JESUS, 625 RUA. IPIRANGA. 14060-330 Ribeirão Preto - SP.","(16) 36222261","1","2025-05-19 21:12:05"
"710","Ribeirão Preto","35233432","JESUS DE NAZARE CENTRO DE EDUCACAO INFANTIL","Pública","TUPINAMBA, 550 RUA. IPIRANGA. 14060-630 Ribeirão Preto - SP.","(16) 36226163","1","2025-05-19 21:12:05"
"711","Ribeirão Preto","35918155","JESUS GUILHERME GIACOMINI","Pública","RUA PROFESSOR RENATO JARDIM, 646 RUA. PARQUE RIBEIRAO PRETO. 14031-260 Ribeirão Preto - SP.","(16) 36375155","1","2025-05-19 21:12:05"
"712","Ribeirão Preto","35023954","JOAO AUGUSTO DE MELLO PROFESSOR","Pública","RUA LASAR SEGALL, 228 RUA. JARDIM INDEPENDENCIA. 14076-330 Ribeirão Preto - SP.","(16) 36263398","1","2025-05-19 21:12:05"
"713","Ribeirão Preto","35233444","JOAO DA CRUZ MOREIRA CRECHE MUNICIPAL","Pública","RUA DOUTOR FRANCISCO HENRIQUE LINO DA ROCHA, 71 RUA. VALENTINA FIGUEIREDO. 14061-669 Ribeirão Preto - SP.","(16) 36226201","1","2025-05-19 21:12:05"
"714","Ribeirão Preto","35982076","JOAO E MARIA CCI","Pública","AVENIDA ADELMO PERDIZZA, 495 AVENIDA. ALTO DA BOA VISTA. 14026-390 Ribeirão Preto - SP.","(16) 39199061","1","2025-05-19 21:12:05"
"715","Ribeirão Preto","35062984","JOAO GILBERTO SAMPAIO DR EMEF","Pública","RUA PINDAMONHANGABA, 851 RUA. VILA MARIANA. 14075-140 Ribeirão Preto - SP.","(16) 36266871","1","2025-05-19 21:12:05"
"716","Ribeirão Preto","35900758","JOAO PALMA GUIAO DOUTOR","Pública","ATTILIO PEDRO CHERUBIM, 275 RUA. DOM BERNARDO JOSE MIELLE. 14057-310 Ribeirão Preto - SP.","(16) 36391991","1","2025-05-19 21:12:05"
"717","Ribeirão Preto","35301358","JOAO PEDRO CASTROVIEJO CEI","Pública","RUA SINDICALISTA LUIZ ANTONIO CORREA, 20 RUA. JARDIM HEITOR RIGON. 14062-070 Ribeirão Preto - SP.","(16) 39345133","1","2025-05-19 21:12:05"
"718","Ribeirão Preto","35024193","JOAO RODRIGUES GUIAO DOUTOR","Pública","TREZE DE MAIO, 266 AVENIDA. JARDIM PAULISTA. 14090-260 Ribeirão Preto - SP.","(16) 36249443","1","2025-05-19 21:12:05"
"719","Ribeirão Preto","35097196","JOAO SPERANDIO DEPUTADO EMEI","Pública","RUA CECILIO ELIAS SEBA, 175 RUA. DOM BERNARDO JOSE MIELLE. 14057-300 Ribeirão Preto - SP.","(16) 36391550","1","2025-05-19 21:12:05"
"720","Ribeirão Preto","35918167","JORGE RODINI LUIZ PROFESSOR","Pública","RUA LUIZ AUGUSTO VELLUDO, 215 RUA. JARDIM JOAQUIM PROCOPIO ARAUJO FERRAZ. 14065-530 Ribeirão Preto - SP.","(16) 36390066","1","2025-05-19 21:12:05"
"721","Ribeirão Preto","35903474","JOSE BOMPANI VEREADOR","Pública","RUA JOAO GUAL, 195 RUA. VALENTINA FIGUEIREDO. 14061-670 Ribeirão Preto - SP.","(16) 36222929","1","2025-05-19 21:12:05"
"722","Ribeirão Preto","35084931","JOSE BONIFACIO COUTINHO NOGUEIRA EMEI","Pública","RUA GREGORIO PEREIRA, 146 RUA. ORESTES LOPES DE CAMARGO. 14066-440 Ribeirão Preto - SP.","(16) 39769040","1","2025-05-19 21:12:05"
"723","Ribeirão Preto","35454459","JOSE CARLOS SOBRAL DR EMEI","Pública","RUA ALCIDES DE ARAUJO, 355 RUA. JARDIM PROFESSOR ANTONIO PALOCCI. 14079-085 Ribeirão Preto - SP.","(16) 39962600","1","2025-05-19 21:12:06"
"724","Ribeirão Preto","35201455","JOSE DELIBO VEREADOR EMEF","Pública","RUA SERAFIM TEIXEIRA DA CUNHA, 555 RUA. JARDIM CASTELO BRANCO NOVO. 14090-570 Ribeirão Preto - SP.","(16) 36275680","1","2025-05-19 21:12:06"
"725","Ribeirão Preto","35023875","JOSE LIMA PEDREIRA DE FREITAS PROFESSORA","Pública","RUA VISCONDE DE INHOMIRIN, 830 RUA. VILA VIRGINIA. 14030-490 Ribeirão Preto - SP.","(16) 36200381","1","2025-05-19 21:12:06"
"726","Ribeirão Preto","35024107","JOSE MARTIMIANO DA SILVA ETEC","Pública","RUA TAMANDARE, 520 RUA. CAMPOS ELISEOS. 14085-070 Ribeirão Preto - SP.","(16) 36108374","1","2025-05-19 21:12:06"
"727","Ribeirão Preto","35062947","JOSE PEDRO MOREIRA PROF EMEI","Pública","RUA MAJOR RICARDO GUIMARAES, 620 RUA. PARQUE RIBEIRAO PRETO. 14031-450 Ribeirão Preto - SP.","(16) 39195406","1","2025-05-19 21:12:06"
"728","Ribeirão Preto","35573942","JOSE PEDRO ROTIROTI CENTRO DE ARTE E ESPORTE UNIFICADO","Pública","R BENEDICTO JACINTO DE SOUZA, 330 JARDIM FLORESTAN FERNANDES. 14079-319 Ribeirão Preto - SP.",,"1","2025-05-19 21:12:06"
"729","Ribeirão Preto","35195091","JOSE ROBERTO FELICIO DOUTOR EMEI","Pública","SEBASTIAO MARTINS VIANA, 530 RUA. RECREIO ANHANGUERA. 14097-020 Ribeirão Preto - SP.","(16) 39952121","1","2025-05-19 21:12:06"
"730","Ribeirão Preto","35202319","JOSE RODINI LUIZ PROF EMEF","Pública","RUA JOSE IGNACCHITTI, 700 RUA. JARDIM ZARA. 14092-300 Ribeirão Preto - SP.","(16) 36279507","1","2025-05-19 21:12:06"
"731","Ribeirão Preto","35576475","JOVEM FELIPE GUI ROCHA","Pública","VIRGILIO BUENO, 225 RUA. PARQUE DOS FLAMBOYANS. 14093-631 Ribeirão Preto - SP.","(16) 39046544","1","2025-05-19 21:12:06"
"732","Ribeirão Preto","35925697","JULIETA FERNANDA SOUSA TARANTO","Pública","RUA JOAQUIM PERES, 100 RUA. JARDIM MARCHESI. 14031-329 Ribeirão Preto - SP.","(16) 39193666","1","2025-05-19 21:12:06"
"733","Ribeirão Preto","35477624","JULIO CESAR VOLTARELLI DR EMEF","Pública","RUA MAFALDA MOBIGLIA, 105 RUA. PARQUE DOS SERVIDORES. 14094-234 Ribeirão Preto - SP.","(16) 36359398","1","2025-05-19 21:12:06"
"734","Ribeirão Preto","35164963","KINDERSPIEL COLEGIO","Privada","RUA TAMANDARE, 905 RUA. CAMPOS ELISEOS. 14085-070 Ribeirão Preto - SP.","(16) 32349644","1","2025-05-19 21:12:06"
"735","Ribeirão Preto","35573930","L POSELA CENTRO DE FORMACAO ARTISTICA","Pública","RUA CAPITAO SALOMAO, SN CAMPOS ELISEOS. 14080-210 Ribeirão Preto - SP.","(16) 36355667","1","2025-05-19 21:12:06"
"736","Ribeirão Preto","35268173","LACORDAIRE COLEGIO ENSINO MEDIO","Privada","ANTONIO MILENA, 1811 RUA. CAMPOS ELISEOS. 14085-660 Ribeirão Preto - SP.","(16) 36158222","1","2025-05-19 21:12:07"
"737","Ribeirão Preto","35118527","LACORDAIRE SANT ANNA EDUCACAO BASICA","Privada","RUA ANTONIO MILENA, 1821 RUA. CAMPOS ELISEOS. 14085-660 Ribeirão Preto - SP.","(16) 36158222","1","2025-05-19 21:12:07"
"738","Ribeirão Preto","35008895","LEAO DE JUDA BERCARIO E EDUCACAO INFANTIL","Privada","RUA FILOMENA BRUZIANI BRASSAROLA, 560 JARDIM FLORESTAN FERNANDES. 14079-323 Ribeirão Preto - SP.","(16) 32351037","1","2025-05-19 21:12:07"
"739","Ribeirão Preto","35301498","LEONOR MERTILIA COSTA CENTRO DE EDUCACAO INFANTIL","Pública","RUA NAIR ESTRADA TRUJILLO, 485 RUA. JARDIM DIVA TARLA DE CARVALHO. 14079-378 Ribeirão Preto - SP.","(16) 39961655","1","2025-05-19 21:12:07"
"740","Ribeirão Preto","35269554","LETRINHAS MAGICAS ESCOLINHA","Privada","AVENIDA DOM PEDRO I, 331 AVENIDA. IPIRANGA. 14055-620 Ribeirão Preto - SP.","(16) 39632011","1","2025-05-19 21:12:07"
"741","Ribeirão Preto","35123341","LEV VIGOTSKY ATENEU","Privada","RUA SILVA GUSMAO, 357 RUA. SUMAREZINHO. 14055-150 Ribeirão Preto - SP.","(16) 39664420","1","2025-05-19 21:12:07"
"742","Ribeirão Preto","35431436","LICEU CONTEMPORANEO ENSINO MEDIO","Privada","PARAISO, 360 RUA. VILA TIBERIO. 14050-440 Ribeirão Preto - SP.","(16) 36330028","1","2025-05-19 21:12:07"
"743","Ribeirão Preto","35009503","LICEU SAO SEBASTIAO","Privada","AVENIDA CARAMURU, 1014 NH. REPUBLICA. 14030-000 Ribeirão Preto - SP.","(16) 981289263","1","2025-05-19 21:12:07"
"744","Ribeirão Preto","35233493","LILIAN SPADARO ROSA E SILVA PROFA EMEI","Pública","RUA ANTONIO FORNIELLES, 148 RUA. JARDIM JOSE SAMPAIO JUNIOR. 14065-290 Ribeirão Preto - SP.","(16) 36397383","1","2025-05-19 21:12:07"
"745","Ribeirão Preto","35252136","LUCIANA JUNQUEIRA STUDIO DE DANCA","Privada","RUA BARAO DO AMAZONAS, 2301 RUA. JARDIM SUMARE. 14025-110 Ribeirão Preto - SP.","(16) 999924522","1","2025-05-19 21:12:07"
"746","Ribeirão Preto","35477709","LUCIO MENDES CENTRO DE EDUCACAO INFANTIL","Pública","DIRCE DE ALMEIDA FANTINI, SN RUA. PARQUE DOS SABIAS. 14070-732 Ribeirão Preto - SP.","(16) 36106940","1","2025-05-19 21:12:07"
"747","Ribeirão Preto","35062900","LUIS AMARAL MOUSINHO DOM EMEF","Pública","TAMANDARE, 353 RUA. CAMPOS ELISEOS. 14085-070 Ribeirão Preto - SP.","(16) 36109119","1","2025-05-19 21:12:07"
"748","Ribeirão Preto","35005395","MAPLE BEAR CANADIAN SCHOOL RIBEIRAO PRETO","Privada","VIA DR LUIZ CARLOS BIANCHI, 1765 DISTRITO DE BONFIM PAULISTA. 14028-784 Ribeirão Preto - SP.","(16) 36202245","1","2025-05-19 21:12:07"
"749","Ribeirão Preto","35193781","MARIA APARECIDA BORGES DE OLIVEIRA BONINI PROFA EMEI","Pública","B16, 375 RUA. JARDIM PROGRESSO. 14031-835 Ribeirão Preto - SP.","(16) 39642006","1","2025-05-19 21:12:07"
"750","Ribeirão Preto","35424122","MARIA DE LOURDES GULLACI LAGUNA PROFA CEI","Pública","PEDRO COLINO, 215 RUA. RESIDENCIAL LEO GOMES DE MORAES. 14079-044 Ribeirão Preto - SP.","(16) 36283370","1","2025-05-19 21:12:07"
"751","Ribeirão Preto","35287623","MARIA DE NAZARE CENTRO EDUCACIONAL INFANTIL","Privada","RUA ROBERTO DE SOUZA PRADO, 215 RUA. ADELINO SIMIONI. 14071-040 Ribeirão Preto - SP.","(16) 36380908","1","2025-05-19 21:12:07"
"752","Ribeirão Preto","35193756","MARIA HELENA BRAGA MONTES SERRAT DOUTORA EMEI","Pública","RONDONIA, 1020 RUA. SUMAREZINHO. 14055-230 Ribeirão Preto - SP.","(16) 39667007","1","2025-05-19 21:12:07"
"753","Ribeirão Preto","35212854","MARIA IGNEZ LOPES ROSSI PROFA EMEF","Pública","ANSELMO MARQUES RODRIGUES, 450 RUA. JARDIM MANOEL PENNA. 14098-322 Ribeirão Preto - SP.","(16) 36179977","1","2025-05-19 21:12:07"
"754","Ribeirão Preto","35301504","MARIA INES VIEIRA MACHADO EMEF","Pública","JULIO FERRANTI, 1500 RUA. JARDIM FLORESTAN FERNANDES. 14079-320 Ribeirão Preto - SP.","(16) 39961661","1","2025-05-19 21:12:07"
"755","Ribeirão Preto","35282200","MARIA LUCIA MEIRELLES JUNQUEIRA REIS CEI","Pública","AVENIDA PATRIARCA, 4125 AVENIDA. PARQUE RIBEIRAO PRETO. 14031-580 Ribeirão Preto - SP.","(16) 39193333","1","2025-05-19 21:12:07"
"756","Ribeirão Preto","35205552","MARIA PONTIN EMEI","Pública","RUA EDUARDO MARTINS NETTO, 126 RUA. QUINTINO FACCI I. 14077-120 Ribeirão Preto - SP.","(16) 36267655","1","2025-05-19 21:12:07"
"757","Ribeirão Preto","35422514","MARIA REGINA CAVALCANTI PROFA CEI","Pública","B16, 475 RUA. JARDIM PROGRESSO. 14031-835 Ribeirão Preto - SP.","(16) 39194694","1","2025-05-19 21:12:07"
"758","Ribeirão Preto","35406181","MARIAZINHA ESCOLINHA INFANTIL","Privada","PARANA, 1967 RUA. IPIRANGA. 14055-490 Ribeirão Preto - SP.","(16) 30118345","1","2025-05-19 21:12:07"
"759","Ribeirão Preto","35233456","MARINCEK CRECHE MUNICIPAL MODELO","Pública","RUA ROBERTO MICHELLIN, 257 RUA. ANTONIO MARINCEK. 14061-190 Ribeirão Preto - SP.","(16) 36224745","1","2025-05-19 21:12:07"
"760","Ribeirão Preto","35114820","MARISTA COLEGIO DE RIBEIRAO PRETO","Privada","RUA BERNARDINO DE CAMPOS, 550 RUA. CENTRO. 14015-130 Ribeirão Preto - SP.","(16) 39771400","1","2025-05-19 21:12:07"
"761","Ribeirão Preto","35567656","MARISTA IR RUI LEOPOLDO DEPINE CENTRO EDUCACIONAL","Privada","MANOEL ANTONIO DIAS, 2155 JARDIM MARIA DAS GRACAS. 14031-502 Ribeirão Preto - SP.","(16) 39699630","1","2025-05-19 21:12:08"
"762","Ribeirão Preto","35062960","MARLENE JORGE DOS REIS PROFA EMEI","Pública","RUA GENERAL CAMARA, 1387 RUA. IPIRANGA. 14060-570 Ribeirão Preto - SP.","(16) 36220591","1","2025-05-19 21:12:08"
"763","Ribeirão Preto","35007865","MARLENE MARREIRO SIBILLE CEI","Pública","RUA MARCELO RODRIGUES AGOSTINHO, 50 JARDIM HEITOR RIGON. 14062-023 Ribeirão Preto - SP.","(16) 36150010","1","2025-05-19 21:12:08"
"764","Ribeirão Preto","35123699","MAUCHA ESCOLINHA DE EDUCACAO INFANTIL","Privada","RUA GARIBALDI, 192 RUA. CENTRO. 14010-170 Ribeirão Preto - SP.","(16) 32371217","1","2025-05-19 21:12:08"
"765","Ribeirão Preto","35024053","MEIRA JUNIOR DOUTOR","Pública","RUA JULIO DE MESQUITA, 282 RUA. VILA VIRGINIA. 14030-450 Ribeirão Preto - SP.","(16) 36322939","1","2025-05-19 21:12:08"
"766","Ribeirão Preto","35114947","METODISTA DE RIBEIRAO PRETO COLEGIO","Privada","RUA FLORENCIO DE ABREU, 714 RUA. CENTRO. 14015-060 Ribeirão Preto - SP.",,"1","2025-05-19 21:12:08"
"767","Ribeirão Preto","35557961","METROPOLITANA ESCOLA","Privada","CASTELO BRANCO PRESIDENTE, 2490 AVENIDA. NOVA RIBEIRANIA. 14096-560 Ribeirão Preto - SP.","(16) 36175813","1","2025-05-19 21:12:08"
"768","Ribeirão Preto","35900771","MIGUEL JORGE","Pública","RUA DOMINGOS PADOVAN, 790 RUA. JARDIM NOVO MUNDO. 14092-040 Ribeirão Preto - SP.","(16) 36271627","1","2025-05-19 21:12:08"
"769","Ribeirão Preto","35301371","MIGUEL MUSSI PROF EMEI","Pública","RUA FRANCISCO FERNANDES LAMAS, 160 RUA. JARDIM SILVIO PASSALACQUA. 14060-832 Ribeirão Preto - SP.","(16) 39761790","1","2025-05-19 21:12:08"
"770","Ribeirão Preto","35209594","MOACIR FIRMINO EMEI","Pública","RUA JOAO DELIBO, 620 QUINTINO FACCI II. 14070-290 Ribeirão Preto - SP.","(16) 36383151","1","2025-05-19 21:12:08"
"771","Ribeirão Preto","35168968","MONICA ESCOLA DE EDUCACAO INFANTIL UNIDADE I","Privada","RUA RONDONIA, 274 RUA. SUMAREZINHO. 14055-230 Ribeirão Preto - SP.",,"1","2025-05-19 21:12:08"
"772","Ribeirão Preto","35287921","MONICA II ESCOLA DE EDUCACAO INFANTIL","Privada","PAULO DE FRONTIM, 1125 RUA. VILA VIRGINIA. 14030-430 Ribeirão Preto - SP.","(16) 991011512","1","2025-05-19 21:12:08"
"773","Ribeirão Preto","35128570","MONTE SINAI ESCOLA DE ENSINO FUNDAMENTAL","Privada","SILVIO ALVES DE AGUIAR, 30 RUA. ADELINO SIMIONI. 14071-170 Ribeirão Preto - SP.","(16) 39748703","1","2025-05-19 21:12:08"
"774","Ribeirão Preto","35123274","MONTEIRO LOBATO COLEGIO","Privada","RUA MIGUEL BARACHINI, 479 RUA. PARQUE DOS BANDEIRANTES. 14090-390 Ribeirão Preto - SP.","(16) 36249542","1","2025-05-19 21:12:08"
"775","Ribeirão Preto","35114959","MOURA LACERDA COLEGIO UNIDADE I","Privada","RUA PADRE EUCLIDES, 995 RUA. CAMPOS ELISEOS. 14085-420 Ribeirão Preto - SP.","(16) 21011017","1","2025-05-19 21:12:08"
"776","Ribeirão Preto","35813874","MR BABY ESCOLA DE EDUCACAO INFANTIL","Privada","RUA CORONEL LUIZ DA CUNHA, 902 RUA. VILA TIBERIO. 14050-040 Ribeirão Preto - SP.","(16) 37973777","1","2025-05-19 21:12:08"
"777","Ribeirão Preto","35257084","MUSIC ARTE ESCOLA DE ARTE E DANCA","Privada","RUA MARQUES DE POMBAL, 1547 RUA. CAMPOS ELISEOS. 14080-100 Ribeirão Preto - SP.","(16) 39613200","1","2025-05-19 21:12:08"
"778","Ribeirão Preto","35454485","NAIR MANOELINA DE OLIVEIRA CEI","Pública","ANTONIO FREDERICO OZANAM, 1205 RUA. JARDIM JOAO ROSSI. 14026-515 Ribeirão Preto - SP.","(16) 36204211","1","2025-05-19 21:12:08"
"779","Ribeirão Preto","35212878","NARCISO NICOLODI IRMAO EMEI","Pública","RUA CAROLINA TIEZI STRAMBI, 470 RUA. ADELINO SIMIONI. 14071-380 Ribeirão Preto - SP.","(16) 36385262","1","2025-05-19 21:12:08"
"780","Ribeirão Preto","35062911","NEIDE APARECIDA GOLFETTO DE CASTRO PROFA EMEI","Pública","RUA MEXICO, 743 RUA. VILA MARIANA. 14075-230 Ribeirão Preto - SP.","(16) 36265086","1","2025-05-19 21:12:08"
"781","Ribeirão Preto","35233468","NELSON COSTA DOS SANTOS PADRE CRECHE MUNICIPAL","Pública","RUA JOSE ROBERTO RODRIGUES, 116 RUA. DOM BERNARDO JOSE MIELLE. 14057-390 Ribeirão Preto - SP.","(16) 36390447","1","2025-05-19 21:12:08"
"782","Ribeirão Preto","35088936","NELSON MACHADO EMEF","Pública","RUA MOACYR CANELLA, 131 RUA. JARDIM MARIA CASAGRANDE LOPES. 14066-332 Ribeirão Preto - SP.","(16) 36224970","1","2025-05-19 21:12:08"
"783","Ribeirão Preto","35062935","NEUZA MICHELUTTI MARZOLA PROFA EMEF","Pública","RUA CONDE DE IRAJA, 1931 RUA. VILA VIRGINIA. 14030-480 Ribeirão Preto - SP.","(16) 36371551","1","2025-05-19 21:12:08"
"784","Ribeirão Preto","35471446","NICOLAU DINAMARCO SPINELLI DR EMEI","Pública","YOLANDA PEREIRA ACRA, 105 RUA. PARQUE RESIDENCIAL CANDIDO PORTINARI. 14093-567 Ribeirão Preto - SP.","(16) 36297522","1","2025-05-19 21:12:08"
"785","Ribeirão Preto","35114996","NOSSA SENHORA AUXILIADORA COLEGIO","Privada","RUA DUQUE DE CAXIAS, 927 RUA. CENTRO. 14015-020 Ribeirão Preto - SP.","(16) 40099999","1","2025-05-19 21:12:08"
"786","Ribeirão Preto","35166145","NOSSA SENHORA DE FATIMA CRECHE","Privada","RUA OLAVO BILAC, 1183 JARDIM SUMARE. 14025-400 Ribeirão Preto - SP.","(16) 39312863","1","2025-05-19 21:12:09"
"787","Ribeirão Preto","35009746","O PEQUENO REINO BERCARIO E EDUCACAO INFANTIL","Privada","RUA THOMAZ NOGUEIRA GAIA, 1431 JARDIM IRAJA. 14020-283 Ribeirão Preto - SP.","(16) 39116801","1","2025-05-19 21:12:09"
"788","Ribeirão Preto","35165190","OBJETIVO CENTRO INTERESCOLAR UNIDADE XXVII","Privada","RUA MAGDA PERONA FROSSARD, 571 RUA. NOVA ALIANCA. 14026-596 Ribeirão Preto - SP.","(16) 36217700","1","2025-05-19 21:12:09"
"789","Ribeirão Preto","35147624","OCTAVIO MARCONDES FERRAZ ENGENHEIRO ESCOLA SENAI","Privada","RUA CAPITAO SALOMAO, 1813 RUA. CAMPOS ELISEOS. 14085-430 Ribeirão Preto - SP.","(16) 32387100","1","2025-05-19 21:12:09"
"790","Ribeirão Preto","35232610","OPUS DEI CRECHE MUNICIPAL","Pública","RUA DEPUTADO ORLANDO JURCA, 180 RUA. QUINTINO FACCI II. 14070-280 Ribeirão Preto - SP.","(16) 36382830","1","2025-05-19 21:12:09"
"791","Ribeirão Preto","35900746","ORLANDO JURCA DEPUTADO","Pública","RUA LUIZ CARVALHO PEREIRA, 350 RUA. ADELINO SIMIONI. 14071-310 Ribeirão Preto - SP.","(16) 36380886","1","2025-05-19 21:12:09"
"792","Ribeirão Preto","35044647","ORLANDO VITALIANO VEREADOR","Pública","CESAR MONTAGNANA, 110 RUA. QUINTINO FACCI I. 14077-180 Ribeirão Preto - SP.","(16) 36261369","1","2025-05-19 21:12:09"
"793","Ribeirão Preto","35044659","OSCAR DE MOURA LACERDA PROFESSOR DOUTOR","Pública","MAGID SIMAO TRAD, 230 AVENIDA. ADELINO SIMIONI. 14071-010 Ribeirão Preto - SP.","(16) 36382979","1","2025-05-19 21:12:09"
"794","Ribeirão Preto","35024119","OTONIEL MOTA","Pública","RUA PRUDENTE DE MORAIS, 764 RUA. CENTRO. 14015-100 Ribeirão Preto - SP.","(16) 36108900","1","2025-05-19 21:12:09"
"795","Ribeirão Preto","35808623","PALAS ATENA COLEGIO","Privada","RUA ANTONIO LUIS DE OLIVEIRA, 180 RUA. JARDIM SAO JOSE. 14098-010 Ribeirão Preto - SP.","(16) 36178985","1","2025-05-19 21:12:09"
"796","Ribeirão Preto","35925706","PARQUE DOS SERVIDORES","Pública","ANTONIO TEIXEIRA DUARTE, SN RUA. RESIDENCIAL PARQUE DOS SERVIDORES. 14094-224 Ribeirão Preto - SP.","(16) 39172628","1","2025-05-19 21:12:09"
"797","Ribeirão Preto","35114881","PAULO DE TARSO INSTITUTO ESPIRITA EPSG","Privada","AVENIDA PRESIDENTE CASTELO BRANCO, 2466 AVENIDA. NOVA RIBEIRANIA. 14096-560 Ribeirão Preto - SP.","(16) 36294644","1","2025-05-19 21:12:09"
"798","Ribeirão Preto","35243218","PAULO FREIRE PROF EMEF","Pública","RUA SINDICALISTA LUIZ ANTONIO CORREA, 40 RUA. JARDIM HEITOR RIGON. 14062-070 Ribeirão Preto - SP.","(16) 36156419","1","2025-05-19 21:12:09"
"799","Ribeirão Preto","35213391","PAULO HENRIQUE DE SOUZA PROF EMEI","Pública","MOACYR CANELLA, 61 RUA. JARDIM MARIA CASAGRANDE LOPES DONA AMALIA. 14066-332 Ribeirão Preto - SP.","(16) 36223332","1","2025-05-19 21:12:09"
"800","Ribeirão Preto","35275803","PAULO MONTE SERRAT FILHO PROF DR EMEF","Pública","MARGARIDA DE SOUZA SANTANA, 54 RUA. PARQUE RESIDENCIAL CANDIDO PORTINARI. 14093-580 Ribeirão Preto - SP.","(16) 39672868","1","2025-05-19 21:12:09"
"801","Ribeirão Preto","35195200","PEDACINHO DO CEU ESCOLA ED INFANTIL E ENSINO FUNDAMENTAL","Privada","AVENIDA LUZITANA, 990 AVENIDA. PARQUE RIBEIRAO PRETO. 14031-230 Ribeirão Preto - SP.","(16) 39045571","1","2025-05-19 21:12:09"
"802","Ribeirão Preto","35454060","PENITENCIARIA FEMININA DE RIBEIRAO PRETO","Pública","ALFREDO CONDEIXA, 1666 RUA. JARDIM MARCHESI. 14031-300 Ribeirão Preto - SP.","(16) 39197006","1","2025-05-19 21:12:10"
"803","Ribeirão Preto","35464466","PENITENCIARIA MASCULINA DE RIBEIRAO PRETO","Pública","RODOVIA ABRAO ASSED, KM 47 ANHANGUERA. 14097-900 Ribeirão Preto - SP.",,"1","2025-05-19 21:12:10"
"804","Ribeirão Preto","35195583","PEQUENO APRENDIZ ESCOLA DE EDUCACAO INFANTIL","Privada","CAMPOS SALLES, 1320 RUA. CENTRO. 14015-110 Ribeirão Preto - SP.","(16) 39414771","1","2025-05-19 21:12:10"
"805","Ribeirão Preto","35160775","PEQUENO CONSTRUTOR ESCOLA INFANTIL","Privada","RUA GUIDO BORSARO, 34 RUA. PARQUE BANDEIRANTES. 14090-440 Ribeirão Preto - SP.","(16) 36271918","1","2025-05-19 21:12:10"
"806","Ribeirão Preto","35392923","PEQUENO ESCUDEIRO COLEGIO","Privada","JOSE SAO, 1886 RUA. JARDIM SUMARE. 14025-180 Ribeirão Preto - SP.","(16) 32344485","1","2025-05-19 21:12:10"
"807","Ribeirão Preto","35114832","PEQUENO PRINCIPE COLEGIO","Privada","ALAMEDA A, 305 LOTEAMENTO SANTA LUISA. 14029-546 Ribeirão Preto - SP.","(16) 36230731","1","2025-05-19 21:12:10"
"808","Ribeirão Preto","35174518","PEQUENO SAPEQUINHA ESCOLA DE EDUCACAO INFANTIL","Privada","RUA ANTONIO LUIZ DE OLIVEIRA, 190 RUA. JARDIM SAO JOSE. 14098-010 Ribeirão Preto - SP.","(16) 36178985","1","2025-05-19 21:12:10"
"809","Ribeirão Preto","35122622","PETELECO HOSPEDAGEM E RECREACAO INFANTIL","Privada","RUA RANGEL PESTANA, 1206 RUA. VILA VIRGINIA. 14030-210 Ribeirão Preto - SP.","(16) 36375053","1","2025-05-19 21:12:10"
"810","Ribeirão Preto","35168973","PINGO DE LEITE CRECHE","Privada","AVENIDA LUZITANA, 710 AVENIDA. PARQUE RIBEIRAO PRETO. 14031-230 Ribeirão Preto - SP.","(16) 39193707","1","2025-05-19 21:12:10"
"811","Ribeirão Preto","35186041","PINHEIRINHO COLEGIO EDUCACAO INFANTIL ENSINO FUNDAMENTAL","Privada","RUA ELYDIO PONTES, 293 RUA. JARDIM JOSE SAMPAIO JUNIOR. 14065-270 Ribeirão Preto - SP.","(16) 36395715","1","2025-05-19 21:12:10"
"812","Ribeirão Preto","35191450","PIQUE APRENDE ESCOLA DE EDUCACAO INFANTIL","Privada","ALVARO PAIVA DOUTOR, 155 RUA. JARDIM SAO LUIZ. 14020-360 Ribeirão Preto - SP.","(16) 36217877","1","2025-05-19 21:12:10"
"813","Ribeirão Preto","35802529","PIRILAMPO COLEGIO EDUCACAO INFANTIL E ENSINO FUNDAMENTAL","Privada","RUA CORONEL CAMISAO, 424 434. VILA MONTE ALEGRE. 14051-050 Ribeirão Preto - SP.","(16) 36331470","1","2025-05-19 21:12:10"
"814","Ribeirão Preto","35808271","PLUFT BERCARIO E ESCOLA DE EDUCACAO INFANTIL","Privada","RUA SILVEIRA MARTINS, 458 RUA. CAMPOS ELISEOS. 14080-110 Ribeirão Preto - SP.","(16) 992249897","1","2025-05-19 21:12:10"
"815","Ribeirão Preto","35174497","PRIMEIROS PASSOS ESCOLA DE EDUCACAO INFANTIL","Privada","RUA MIGUEL IGNACIO, 378 JARDIM CASTELO BRANCO. 14090-530 Ribeirão Preto - SP.","(16) 36272548","1","2025-05-19 21:12:10"
"816","Ribeirão Preto","35191197","PRO FAMILIA ESCOLA DE EDUCACAO INFANTIL","Privada","RUA JULIO RIBEIRO, 281 JARDIM PIRATININGA. 14030-580 Ribeirão Preto - SP.","(16) 36214647","1","2025-05-19 21:12:10"
"817","Ribeirão Preto","35925718","PROFESSOR DIVO MARINO","Pública","RUA ALFREDO CALIXTO, 35 RUA. PORTAL DO ALTO. 14056-640 Ribeirão Preto - SP.","(16) 36398209","1","2025-05-19 21:12:10"
"818","Ribeirão Preto","35925664","PROFESSOR LAURO BIGELLI","Pública","RUA BERTHA LUTZ, 200 RUA. DOM BERNARDO JOSE MIELLE. 14057-280 Ribeirão Preto - SP.","(16) 39751185","1","2025-05-19 21:12:10"
"819","Ribeirão Preto","35435065","PROFESSOR PAULO CESAR CARNIEL GIOVANNETTI","Pública","RUA SENADOR TEOTONIO VILELLA, 1950 AVENIDA. JARDIM PAIVA II. 14056-772 Ribeirão Preto - SP.","(16) 36303285","1","2025-05-19 21:12:10"
"820","Ribeirão Preto","35576487","PROFESSORA NAIR GUILHERMINA PINHEIRO NOGUEIRA NAIRZINHA","Pública","ORESTES LOPES DE CAMARGO, 1180 AVENIDA. JARDIM JOQUEI CLUBE. 14078-580 Ribeirão Preto - SP.","(16) 36158056","1","2025-05-19 21:12:10"
"821","Ribeirão Preto","35412181","PROFESSORA SUELI TEREZINHA DANHONE","Pública","GREGORIO PEREIRA, 50 RUA. JARDIM ORESTES LOPES DE CAMARGO. 14066-440 Ribeirão Preto - SP.","(16) 36154861","1","2025-05-19 21:12:11"
"822","Ribeirão Preto","35258489","PROJECAO COLEGIO","Privada","AVENIDA CAPITAO SALOMAO, 2239 AVENIDA. CAMPOS ELISEOS. 14085-440 Ribeirão Preto - SP.",,"1","2025-05-19 21:12:11"
"823","Ribeirão Preto","35562130","QUEIROZ BRUNELLI PRIMEIROS PASSOS UNID III BOULEVARD COLEGIO","Privada","ALTINO ARANTES, 1528 RUA. JARDIM SUMARE. 14025-030 Ribeirão Preto - SP.","(16) 36034600","1","2025-05-19 21:12:11"
"824","Ribeirão Preto","35562142","QUEIROZ BRUNELLI PRIMEIROS PASSOS UNID IV LAGOINHA COLEGIO","Privada","ANTONIO GOMES DA SILVA JUNIOR, 1551 AVENIDA. PARQUE RESIDENCIAL LAGOINHA. 14095-440 Ribeirão Preto - SP.","(16) 36034600","1","2025-05-19 21:12:11"
"825","Ribeirão Preto","35268161","QUEIROZ BRUNELLI PRIMEIROS PASSOS UNIDADE I CASTELO COLEGIO","Privada","MIGUEL IGNACIO, 378 RUA. JARDIM CASTELO BRANCO. 14090-530 Ribeirão Preto - SP.","(16) 36034600","1","2025-05-19 21:12:11"
"826","Ribeirão Preto","35454497","QUINTINO VIEIRA EMEI","Pública","FRANCISCO PEIXOTO, 151 RUA. JARDIM PAIVA. 14056-838 Ribeirão Preto - SP.","(16) 39662159","1","2025-05-19 21:12:11"
"827","Ribeirão Preto","35042870","RAFAEL LEME FRANCO PROFESSOR","Pública","RUA PADRE ANCHIETA, 1730 RUA. JARDIM ANTARTICA. 14051-220 Ribeirão Preto - SP.","(16) 36332811","1","2025-05-19 21:12:11"
"828","Ribeirão Preto","35132627","RAIO DE SOL ENCANTADO BERCARIO E ESCOLA DE EDUCACAO INFANTIL","Privada","ANTONIO LOPES VELUDO, 120 PRACA. JARDIM SUMARE. 14025-059 Ribeirão Preto - SP.","(16) 36203244","1","2025-05-19 21:12:11"
"829","Ribeirão Preto","35085005","RAUL MACHADO PROF EMEF","Pública","RUA HUMAITA, 930 RUA. SANTA CRUZ DO JOSE JACQUES. 14020-680 Ribeirão Preto - SP.","(16) 39165500","1","2025-05-19 21:12:11"
"830","Ribeirão Preto","35807886","RECANTO DO PICA PAU ESCOLA INFANTIL E ENSINO FUNDAMENTAL","Privada","RUA JULIA NECCHI PIANA, 270 RUA. GERALDO CORREIA DE CARVALHO. 14061-300 Ribeirão Preto - SP.","(16) 30133698","1","2025-05-19 21:12:11"
"831","Ribeirão Preto","35009485","REGAR ESCOLA INFANTIL LTDA PORTAL DO ABC UNIDADE I","Privada","RUA JOAQUIM FERNANDES PARREIRA, 3435 PARQUE DOS FLAMBOYANS. 14093-644 Ribeirão Preto - SP.","(16) 39046560","1","2025-05-19 21:12:11"
"832","Ribeirão Preto","35435636","RENATO CAMARGO MENDES CEI","Pública","MARIA CONCEICAO MORAES, 110 RUA. PARQUE RESIDENCIAL CANDIDO PORTINARI. 14093-598 Ribeirão Preto - SP.","(16) 36185083","1","2025-05-19 21:12:11"
"833","Ribeirão Preto","35169377","RENOVADO CRISTAO CENTRO DE ENSINO INTEGRAL","Privada","RUA JAPURA, 829 RUA. ALTO DO IPIRANGA. 14055-100 Ribeirão Preto - SP.","(16) 36308333","1","2025-05-19 21:12:11"
"834","Ribeirão Preto","35982052","REPOLHINHO CCI","Pública","RUA AMADEU AMARAL, 759 VILA SEIXAS. 14020-050 Ribeirão Preto - SP.","(16) 36256641","1","2025-05-19 21:12:11"
"835","Ribeirão Preto","35433275","ROBERTO AFONSO PONTES EMEI","Pública","AREALVA, SN RUA. JARDIM SALGADO FILHO. 14078-310 Ribeirão Preto - SP.","(16) 36286125","1","2025-05-19 21:12:11"
"836","Ribeirão Preto","35233420","ROBERTO TARANTO DOUTOR CENTRO DE EDUCACAO INFANTIL","Pública","RUA JUAZEIRO DO NORTE, 215 RUA. ALTO DO IPIRANGA. 14055-330 Ribeirão Preto - SP.","(16) 36335663","1","2025-05-19 21:12:11"
"837","Ribeirão Preto","35912086","ROMEU ALBERTI DOM","Pública","FLORINDA BORDIZAN SAMPAIO, 250 RUA. JARDIM JOSE SAMPAIO JUNIOR. 14065-060 Ribeirão Preto - SP.","(16) 36394151","1","2025-05-19 21:12:11"
"838","Ribeirão Preto","35042882","ROMUALDO MONTEIRO DE BARROS PROFESSOR","Pública","RUA BOLIVIA, 300 RUA. VILA MARIANA. 14075-250 Ribeirão Preto - SP.","(16) 36268779","1","2025-05-19 21:12:11"
"839","Ribeirão Preto","35911306","ROSANGELA BASILE PROFESSORA","Pública","RUA SAMUEL MARTINELLI, 450 RUA. PARQUE RIBEIRAO PRETO. 14031-500 Ribeirão Preto - SP.","(16) 36373239","1","2025-05-19 21:12:11"
"840","Ribeirão Preto","35023942","RUBEN CLAUDIO MOREIRA PROFESSOR","Pública","RUA PARANAGUA, 367 RUA. VILA ALBERTINA. 14060-100 Ribeirão Preto - SP.","(16) 36224452","1","2025-05-19 21:12:11"
"841","Ribeirão Preto","35301361","RUY ESCOREL FERREIRA SANTOS DR EMEI","Pública","ANTONIO CARLOS DE PADUA RINHEL, 80 RUA. JARDIM HEITOR RIGON. 14062-082 Ribeirão Preto - SP.","(16) 36228942","1","2025-05-19 21:12:11"
"842","Ribeirão Preto","35230388","SALVADOR MARTURANO PROF EMEF","Pública","RUA LUCIO DE MENDONCA, 2040 RUA. JARDIM MORUMBI. 14031-530 Ribeirão Preto - SP.","(16) 36216343","1","2025-05-19 21:12:12"
"843","Ribeirão Preto","35062959","SANTA MARIA GORETTI EMEI","Pública","RUA RANGEL PESTANA, 311 RUA. VILA VIRGINIA. 14030-210 Ribeirão Preto - SP.",,"1","2025-05-19 21:12:12"
"844","Ribeirão Preto","35062923","SANTA TEREZINHA EMEI","Pública","RUA CERQUEIRA CESAR, 2413 RUA. JARDIM SUMARE. 14025-120 Ribeirão Preto - SP.","(16) 36230948","1","2025-05-19 21:12:12"
"845","Ribeirão Preto","35166595","SANTO ANTONIO CASA DA CRIANCA","Privada","RUA PADRE EUCLIDES, 988 RUA. CAMPOS ELISEOS. 14085-420 Ribeirão Preto - SP.","(16) 36251083","1","2025-05-19 21:12:12"
"846","Ribeirão Preto","35430043","SAO GABRIEL ESCOLA DE EDUCACAO INFANTIL E ENSINO FUNDAMENTAL","Privada","ELOY PETEAN, 295 RUA. JARDIM JOAQUIM PROCOPIO DE ARAUJO FERRAZ. 14065-540 Ribeirão Preto - SP.","(16) 39756631","1","2025-05-19 21:12:12"
"847","Ribeirão Preto","35193884","SATHYA SAI DE RIBEIRAO PRETO ESCOLA","Privada","JULIETA ENGRACIA GARCIA, 2050 AVENIDA. JARDIM FLORESTAN FERNANDES. 14079-312 Ribeirão Preto - SP.",,"1","2025-05-19 21:12:12"
"848","Ribeirão Preto","35802657","SCHOOL GARDEN CENTRO EDUCACIONAL INFANTIL","Privada","RUA GONCALVES DIAS, 874 RUA. VILA TIBERIO. 14050-380 Ribeirão Preto - SP.","(16) 36368024","1","2025-05-19 21:12:12"
"849","Ribeirão Preto","35009777","SCHOOL GARDEN ENSINO FUNDAMENTAL","Privada","RUA ALVARES DE AZEVEDO, 573 VILA TIBERIO. 14050-090 Ribeirão Preto - SP.","(16) 992411054","1","2025-05-19 21:12:12"
"850","Ribeirão Preto","35088924","SEBASTIAO DE AGUIAR AZEVEDO EMEF","Pública","JAPURA, 3369 RUA. IPIRANGA. 14060-620 Ribeirão Preto - SP.","(16) 36224299","1","2025-05-19 21:12:12"
"851","Ribeirão Preto","35467911","SEBASTIAO DE AGUIAR AZEVEDO UNIDADE II","Pública","JOSE MENDONCA UCHOA, 710 RUA. PRESIDENTE DUTRA. 14060-720 Ribeirão Preto - SP.","(16) 36155578","1","2025-05-19 21:12:12"
"852","Ribeirão Preto","35024077","SEBASTIAO FERNANDES PALMA PROFESSOR","Pública","RUA CASEMIRO DE ABREU, 595 RUA. VILA SEIXAS. 14020-060 Ribeirão Preto - SP.","(16) 36252975","1","2025-05-19 21:12:12"
"853","Ribeirão Preto","35427615","SEBASTIAO MARTINS DE MOURA CENTRO DE EDUCACAO INFANTIL","Pública","ESPIRITO SANTO, 2374 RUA. IPIRANGA. 14060-510 Ribeirão Preto - SP.","(16) 39346960","1","2025-05-19 21:12:12"
"854","Ribeirão Preto","35158380","SEMENTINHA BASSANO VACCARINI COLEGIO","Privada","RUA ARNALDO VICTALIANO, 882 RUA. IGUATEMI. 14091-220 Ribeirão Preto - SP.","(16) 36278528","1","2025-05-19 21:12:12"
"855","Ribeirão Preto","35148866","SENAC RIBEIRAO PRETO","Privada","RUA CAPITAO SALOMAO, 2133 RUA. JARDIM MOSTEIRO. 14085-430 Ribeirão Preto - SP.","(16) 21111200","1","2025-05-19 21:12:12"
"856","Ribeirão Preto","35565829","SENAT SERVICO NACIONAL DE APRENDIZAGEM DO TRANSPORTE","Privada","V ANHANGUERA, 0 KM 319. AVELINO ALVES PALMA. 14070-730 Ribeirão Preto - SP.","(16) 37976600","1","2025-05-19 21:12:12"
"857","Ribeirão Preto","35114728","SESI 298 CENTRO EDUCACIONAL","Privada","RUA DOM LUIS DO AMARAL MOUSINHO, 3465 RUA. JARDIM CASTELO BRANCO NOVO. 14090-383 Ribeirão Preto - SP.","(16) 36037310","1","2025-05-19 21:12:12"
"858","Ribeirão Preto","35114789","SESI 346 CENTRO EDUCACIONAL","Privada","RUA TAPAJOS, 2714 RUA. VILA RECREIO. 14060-590 Ribeirão Preto - SP.","(16) 39765150","1","2025-05-19 21:12:12"
"859","Ribeirão Preto","35023929","SINHA JUNQUEIRA DONA","Pública","RUA CONSELHEIRO DANTAS, 358 RUA. VILA TIBERIO. 14050-400 Ribeirão Preto - SP.","(16) 36256541","1","2025-05-19 21:12:12"
"860","Ribeirão Preto","35290610","SOL RISO ESCOLA DE EDUCACAO INFANTIL E BERCARIO","Privada","GOIAS, 1485 RUA. CAMPOS ELISEOS. 14085-460 Ribeirão Preto - SP.","(16) 41419927","1","2025-05-19 21:12:12"
"861","Ribeirão Preto","35172561","SONHO AZUL ESCOLA DE EDUCACAO INFANTIL","Privada","RUA OSWALDO BORELLI, 85 RUA. PARQUE DAS FIGUEIRAS. 14065-480 Ribeirão Preto - SP.","(16) 36394878","1","2025-05-19 21:12:12"
"862","Ribeirão Preto","35443177","SONHO REAL CRECHE","Privada","RUA INACIO SALOMAO, 424 PARQUE INDUSTRIAL TANQUINHO. 14075-730 Ribeirão Preto - SP.","(16) 36286162","1","2025-05-19 21:12:12"
"863","Ribeirão Preto","35007874","SPULETA KIDS ESCOLA DE EDUCACAO INFANTIL","Privada","RUA MARACAJU, 1035 /1039 VILA MONTE ALEGRE. 14051-120 Ribeirão Preto - SP.","(16) 36331749","1","2025-05-19 21:12:12"
"864","Ribeirão Preto","35193773","TERESA HENDRICA ANTONISSEN EMEI","Pública","RUA PIRANGI, 760 RUA. JARDIM AEROPORTO. 14078-410 Ribeirão Preto - SP.","(16) 39968053","1","2025-05-19 21:12:12"
"865","Ribeirão Preto","35164975","TERNURINHA SINAPSE COLEGIO","Privada","ANTONIO ACHE, 64 RUA. JARDIM IRAJA. 14020-600 Ribeirão Preto - SP.","(16) 36234883","1","2025-05-19 21:12:12"
"866","Ribeirão Preto","35185361","TERRA CIRANDINHA COLEGIO","Privada","RUA DOUTOR JOAO GUIAO, 1170 1178. VILA VIRGINIA. 14030-440 Ribeirão Preto - SP.","(16) 39141051","1","2025-05-19 21:12:12"
"867","Ribeirão Preto","35233473","THOMAZ URBINATTI CRECHE MUNICIPAL","Pública","RUA MANOEL ALBINO GONCALVES, 28 SAO LEANDRO. 14110-000 Ribeirão Preto - SP.","(16) 39721280","1","2025-05-19 21:12:13"
"868","Ribeirão Preto","35353413","TIA OLIVIA ESCOLA DE EDUCACAO INFANTIL","Privada","RUA SANTA CATARINA, 1426 RUA. IPIRANGA. 14055-480 Ribeirão Preto - SP.","(16) 36330280","1","2025-05-19 21:12:13"
"869","Ribeirão Preto","35269463","TICO E TECO ESCOLA INFANTIL","Privada","ALCIDES COSENZO, 120 RUA. CONJUNTO HABITACIONAL JARDIM DAS PALMEIRAS. 14094-030 Ribeirão Preto - SP.","(16) 39655028","1","2025-05-19 21:12:13"
"870","Ribeirão Preto","35193823","TIRANDO DE LETRA ESCOLA INFANTIL E COLEGIO SAFT","Privada","CRAVINHOS, 358 RUA. JARDIM PAULISTA. 14090-112 Ribeirão Preto - SP.","(16) 32366669","1","2025-05-19 21:12:13"
"871","Ribeirão Preto","35464348","TONY MIYASAKA CENTRO DE EDUCACAO INFANTIL","Pública","ANTONIO GOMES DE SOUZA, 295 RUA. JARDIM PROFESSOR ANTONIO PALOCCI. 14079-163 Ribeirão Preto - SP.","(16) 39964002","1","2025-05-19 21:12:13"
"872","Ribeirão Preto","35430626","UNIFASS SISTEMA DE ENSINO","Privada","RUA PIRACICABA, 326 JARDIM PAULISTA. 14090-230 Ribeirão Preto - SP.","(16) 32358801","1","2025-05-19 21:12:13"
"873","Ribeirão Preto","35483497","UNIFEP UNIDADE DE FORMACAO EM EDUCACAO PROFISSIONAL UNIDADE RIBEIRAO PRETO","Privada","INDEPENDENCIA, 1114 CENTRO. 14020-010 Ribeirão Preto - SP.","(16) 36243331","1","2025-05-19 21:12:13"
"874","Ribeirão Preto","35128569","UNINFANCIA CENTRO EDUCACIONAL","Privada","AVENIDA VEREADOR MANIR CALIL, 669 AVENIDA. JARDIM SUMARE. 14025-170 Ribeirão Preto - SP.","(16) 38775582","1","2025-05-19 21:12:13"
"875","Ribeirão Preto","35562816","UNIVERSIDADE DE RIBEIRO PRETO EEP","Privada","GRANDE USUARIO AVENIDA COSTABILE ROMANO, 2201 RIBEIRANIA. 14096-900 Ribeirão Preto - SP.","(16) 36037000","1","2025-05-19 21:12:13"
"876","Ribeirão Preto","35567361","UNIVERSIDADE PAULISTA UNIP CAMPUS RIBEIRAO PRETO","Privada","AVENIDA CARLOS CONSONI, 10 JARDIM CANADA. 14024-270 Ribeirão Preto - SP.","(16) 36026700","1","2025-05-19 21:12:13"
"877","Ribeirão Preto","35802165","URSINHO BABY BERCARIO E ESCOLA INFANTIL","Privada","JOSE ARIGO, 718 RUA. JARDIM ANHANGUERA. 14092-172 Ribeirão Preto - SP.","(16) 30216264","1","2025-05-19 21:12:13"
"878","Ribeirão Preto","35186399","URSINHO PIMPAO ARTE E RECREACAO EEI","Privada","RUA HUMBERTO DE CAMPOS, 343 RUA. CAMPOS ELISEOS. 14080-580 Ribeirão Preto - SP.","(16) 36264048","1","2025-05-19 21:12:13"
"879","Ribeirão Preto","35036869","VEIGA DE MIRANDA MINISTRO","Pública","ONZE DE AGOSTO, 2480 RUA. CAMPOS ELISEOS. 14085-030 Ribeirão Preto - SP.","(16) 39691639","1","2025-05-19 21:12:13"
"880","Ribeirão Preto","35576499","VEREADOR JOSE VELLONI","Pública","JOSE FRANCISCO DA SILVA, SN RUA. JARDIM MONTE CARLO. 14031-866 Ribeirão Preto - SP.","(16) 39045456","1","2025-05-19 21:12:13"
"881","Ribeirão Preto","35809913","VIANNA COLEGIO","Privada","CESARIO MOTTA, 957 RUA. JARDIM PAULISTA. 14090-052 Ribeirão Preto - SP.",,"1","2025-05-19 21:12:13"
"882","Ribeirão Preto","35907873","VICENTE TEODORO DE SOUZA PROFESSOR","Pública","RUA JORGE DE LIMA, 660 RUA. JARDIM MARIA GORETTI. 14030-320 Ribeirão Preto - SP.","(16) 36218111","1","2025-05-19 21:12:13"
"883","Ribeirão Preto","35168993","VIKTOR FRANKL COLEGIO","Privada","AVENIDA DO CAFE, 1295 AVENIDA. VILA AMELIA. 14050-230 Ribeirão Preto - SP.","(16) 39636340","1","2025-05-19 21:12:13"
"884","Ribeirão Preto","35302983","VIKTOR FRANKL COLEGIO ENSINO MEDIO","Privada","AVENIDA DO CAFE, 1305 AVENIDA. VILA AMELIA. 14050-230 Ribeirão Preto - SP.","(16) 35193930","1","2025-05-19 21:12:13"
"885","Ribeirão Preto","35496509","VILA VIRGINIA CENTRO DE JORNADA AMPLIADA DE","Pública","FRANCO DA ROCHA, 1110 RUA. VILA VIRGINIA. 14030-470 Ribeirão Preto - SP.","(16) 39191347","1","2025-05-19 21:12:13"
"886","Ribeirão Preto","35121277","VILA VIRGINIA CRECHE MODELO EEI","Privada","RUA MARAJO, 240 RUA. VILA VIRGINIA. 14030-500 Ribeirão Preto - SP.","(16) 36352352","1","2025-05-19 21:12:13"
"887","Ribeirão Preto","35807680","VILLA LOBOS COLEGIO","Privada","PIRACICABA, 326 RUA. JARDIM PAULISTA. 14090-230 Ribeirão Preto - SP.","(16) 36242523","1","2025-05-19 21:12:13"
"888","Ribeirão Preto","35123353","VINDE MENINOS ESCOLA DE PG","Privada","RUA GENERAL CAMARA, 3427 RUA. IPIRANGA. 14060-570 Ribeirão Preto - SP.","(16) 36220614","1","2025-05-19 21:12:13"
"889","Ribeirão Preto","35185197","VINTE E CINCO DE DEZEMBRO LAR ESCOLA DA CRIANCA","Privada","RUA ESPIRITO SANTO, 3093 RUA. IPIRANGA. 14060-510 Ribeirão Preto - SP.","(16) 36222339","1","2025-05-19 21:12:13"
"890","Ribeirão Preto","35073829","VIRGILIO SALATA EMEF","Pública","JAPURA, 965 RUA. ALTO DO IPIRANGA. 14055-100 Ribeirão Preto - SP.","(16) 36334804","1","2025-05-19 21:12:13"
"891","Ribeirão Preto","35115010","VITA ET PAX COLEGIO PRE PG UNIDADE I","Privada","AVENIDA ABADE CONSTANTINO, 174 AVENIDA. JARDIM RECREIO. 14040-290 Ribeirão Preto - SP.","(16) 36306465","1","2025-05-19 21:12:14"
"892","Ribeirão Preto","35233481","VITOR YOUSSEF DARKOUBI CRECHE MUNICIPAL","Pública","RUA MARIA APARECIDA DO AMARAL, 535 RUA. PLANALTO VERDE. 14056-520 Ribeirão Preto - SP.","(16) 36394334","1","2025-05-19 21:12:14"
"893","Ribeirão Preto","35285882","VIVER FELIZ ESCOLA DE EDUCACAO INFANTIL","Privada","LUIS JOSE PESSOLO, 75 RUA. NOVA ALIANCA. 14026-576 Ribeirão Preto - SP.","(16) 39135393","1","2025-05-19 21:12:14"
"894","Ribeirão Preto","35297483","VIVINFANCIA COLEGIO","Privada","JOAO PENTEADO, 1209 RUA. JARDIM SUMARE. 14025-010 Ribeirão Preto - SP.","(16) 36352350","1","2025-05-19 21:12:14"
"895","Ribeirão Preto","35255658","W MOZART ESCOLA DE EDUCACAO MUSICAL","Privada","RUA AMAPA, 465 RUA. SUMAREZINHO. 14055-240 Ribeirão Preto - SP.","(16) 36304808","1","2025-05-19 21:12:14"
"896","Ribeirão Preto","35435946","WALDEMAR ROBERTO PROFESSOR DOUTOR EMEF","Pública","ANTONIO GOMES DE SOUZA, 355 RUA. JARDIM PROFESSOR ANTONIO PALOCCI. 14079-163 Ribeirão Preto - SP.","(16) 39962601","1","2025-05-19 21:12:14"
"897","Ribeirão Preto","35140442","WALDORF JOAO GUIMARAES ROSA ESCOLA","Privada","RUA VIRGINIA DE FRANCESCO SANTILLI, 81 RUA. CITY RIBEIRAO. 14021-170 Ribeirão Preto - SP.","(16) 39939155","1","2025-05-19 21:12:14"
"898","Ribeirão Preto","35023887","WALTER FERREIRA PROFESSOR","Pública","RUA MACHADO DE ASSIS, 761 RUA. VILA TIBERIO. 14050-490 Ribeirão Preto - SP.","(16) 36333024","1","2025-05-19 21:12:14"
"899","Ribeirão Preto","35049612","WALTER PAIVA PROFESSOR","Pública","TUPINAMBA, SN RUA. IPIRANGA. 14060-630 Ribeirão Preto - SP.","(16) 36150194","1","2025-05-19 21:12:14"
"900","Ribeirão Preto","35435648","WANDA PRINCIVALLI MARCAL EMEI","Pública","RUA OSWALDO COCCE, 510 RUA. JARDIM HELENA. 14094-103 Ribeirão Preto - SP.","(16) 36295175","1","2025-05-19 21:12:14"
"901","Ribeirão Preto","35477710","WILSON ROSELINO DR EMEI","Pública","NILZA DE OLIVEIRA STRAMBI, 1925 RUA. JARDIM PEDRA BRANCA. 14079-460 Ribeirão Preto - SP.","(16) 36359456","1","2025-05-19 21:12:14"
"902","Ribeirão Preto","35212885","ZILDA COSSA D AVILA PROFA EMEI","Pública","ANTONIO FREDERICO OZANAM, 50 RUA. JARDIM JOAO ROSSI. 14026-515 Ribeirão Preto - SP.","(16) 36239239","1","2025-05-19 21:12:14"
